Year,Month,date,any_images,any_cloudfree,image_ID,image_ID_20,have,get,priority,Greensboro,notes,clouds
2017,September,9/3/2017,TRUE,FALSE,,,,,,,,
2017,September,9/4/2017,,TRUE,20170904_150858_0f43,20170904_150858_0f43,,,,,very small amount of AOI,
,,9/4/2017,,TRUE,20170904_150857_0f43,20170904_150857_0f43,,,,,very small amount of AOI,
,,9/4/2017,,TRUE,20170904_150856_0f43,20170904_150856_0f43,,,,,very small amount of AOI,
2017,September,9/5/2017,,TRUE,20170905_150927_0f3f,20170905_150927_0f3f,,,,,very small amount of AOI,
,,9/5/2017,,TRUE,20170905_150554_1035,20170905_150554_1035,,GET,medium,TRUE,,
,,9/5/2017,,TRUE,20170905_150555_1035,20170905_150555_1035,,GET,medium,TRUE,,
,,9/5/2017,,TRUE,20170905_150557_1035,20170905_150557_1035,,GET,medium,TRUE,,
,,9/5/2017,,TRUE,20170905_155949_0f53,20170905_155949_0f53,,,,TRUE,test quality,
,,9/5/2017,,TRUE,20170905_155948_0f53,20170905_155948_0f53,,,,TRUE,test quality,
,,9/5/2017,,TRUE,20170905_160028_0f46,20170905_160028_0f46,,,,,test quality,
,,9/5/2017,,TRUE,20170905_160027_0f46,20170905_160027_0f46,,,,TRUE,test quality,
,,9/5/2017,,TRUE,20170905_160026_0f46,20170905_160026_0f46,,,,TRUE,test quality,
,,9/5/2017,,TRUE,20170905_160025_0f46,20170905_160025_0f46,,,,TRUE,test quality,
2017,September,9/7/2017,,TRUE,20170907_150736_101d,20170907_150736_101d,,,,TRUE,,visible clouds
,,9/7/2017,,TRUE,20170907_150735_101d,20170907_150735_101d,,,,TRUE,,visible clouds
,,9/7/2017,,TRUE,20170907_1507364_101d,20170907_1507364_101,,,,TRUE,,visible clouds
2017,September,9/8/2017,,TRUE,20170908_160031_0f3d,20170908_160031_0f3d,,,,,,
,,9/8/2017,,TRUE,20170908_160030_0f3d,20170908_160030_0f3d,,,,,,
,,9/8/2017,,TRUE,20170908_160029_0f3d,20170908_160029_0f3d,,,,,,
,,9/8/2017,,TRUE,20170908_160028_0f3d,20170908_160028_0f3d,,,,,,
,,9/8/2017,,TRUE,20170908_150542_1040,20170908_150542_1040,,GET,low,TRUE,very small amount of AOI,
,,9/8/2017,,TRUE,20170908_150543_1040,20170908_150543_1040,,GET,low,TRUE,very small amount of AOI,
,,9/8/2017,,TRUE,20170908_150651_1006,20170908_150651_1006,,,,TRUE,,visible clouds
,,9/8/2017,,TRUE,20170908_150650_1006,20170908_150650_1006,,,,TRUE,,visible clouds
,,9/8/2017,,TRUE,20170908_150649_1006,20170908_150649_1006,,,,TRUE,,visible clouds
,,9/8/2017,,TRUE,20170908_150648_1006,20170908_150648_1006,,,,TRUE,,visible clouds
,,9/8/2017,,TRUE,20170908_150849_1013,20170908_150849_1013,,,,TRUE,,visible clouds
,,9/8/2017,,TRUE,20170908_150850_1013,20170908_150850_1013,,,,TRUE,,visible clouds
,,9/8/2017,,TRUE,20170908_150851_1013,20170908_150851_1013,,,,TRUE,,visible clouds
,,9/8/2017,,TRUE,20170908_150852_1013,20170908_150852_1013,,,,TRUE,,visible clouds
,,9/8/2017,,TRUE,20170908_150853_1013,20170908_150853_1013,,,,,,visible clouds
,,9/8/2017,,TRUE,20170908_150854_1013,20170908_150854_1013,,,,,,visible clouds
2017,September,9/11/2017,,TRUE,20170911_150915_1007,20170911_150915_1007,,get,low,TRUE,very small part at top of AOI,
,,9/11/2017,,TRUE,20170911_150916_1007,20170911_150916_1007,TRUE,,regular,TRUE,,
,,9/11/2017,,TRUE,20170911_150917_1007,20170911_150917_1007,TRUE,,regular,TRUE,,
,,9/11/2017,,TRUE,20170911_150918_1007,20170911_150918_1007,TRUE,,regular,TRUE,,
,,9/11/2017,,TRUE,20170911_150919_1007,20170911_150919_1007,,,,,,
,,9/11/2017,,TRUE,20170911_150920_1007,20170911_150920_1007,,,,,,
2017,September,9/12/2017,TRUE,FALSE,,,,,,,,
2017,September,9/14/2017,TRUE,FALSE,,,,,,,,
2017,September,9/15/2017,,TRUE,20170915_155933_0f2a,20170915_155933_0f2a,,,,,very small part at top of AOI,
,,9/15/2017,,TRUE,20170915_150712_102c,20170915_150712_102c,,,,,small part of left of AOI,visible clouds
,,9/15/2017,,TRUE,20170915_150713_102c,20170915_150713_102c,,,,,small part of left of AOI,visible clouds
,,9/15/2017,,TRUE,20170915_150714_102c,20170915_150714_102c,,,,,small part of left of AOI,visible clouds
,,9/15/2017,,TRUE,20170915_150715_102c,20170915_150715_102c,,,,,small part of left of AOI,visible clouds
2017,September,9/17/2017,TRUE,FALSE,,,,,,,,
2017,September,9/20/2017,TRUE,FALSE,,,,,,,,
2017,September,9/21/2017,TRUE,FALSE,,,,,,,,
2017,September,9/23/2017,,TRUE,20170923_160013_0f3c,20170923_160013_0f3c,,,,,,visible clouds
,,9/23/2017,,TRUE,20170923_160004_0f33,20170923_160004_0f33,,,,,,visible clouds
,,9/23/2017,,TRUE,20170923_160003_0f33,20170923_160003_0f33,,,,,,visible clouds
,,9/23/2017,,TRUE,20170923_155935_0f36,20170923_155935_0f36,,,,,,visible clouds
,,9/23/2017,,TRUE,20170923_155934_0f36,20170923_155934_0f36,,,,,,visible clouds
,,9/23/2017,,TRUE,20170923_155737_0f32,20170923_155737_0f32,,,,TRUE,,visible clouds
,,9/23/2017,,TRUE,20170923_155736_0f32,20170923_155736_0f32,,,,TRUE,,visible clouds
,,9/23/2017,,TRUE,20170923_155735_0f32,20170923_155735_0f32,,,,TRUE,,visible clouds
,,9/23/2017,,TRUE,20170923_155734_0f32,20170923_155734_0f32,,,,TRUE,,visible clouds
,,9/23/2017,,TRUE,20170923_155733_0f32,20170923_155733_0f32,,,,TRUE,,visible clouds
2017,September,9/24/2017,,TRUE,20170924_150710_1029,20170924_150710_1029,TRUE,,,TRUE,,
,,9/24/2017,,TRUE,20170924_150711_1029,20170924_150711_1029,TRUE,,,TRUE,,
,,9/24/2017,,TRUE,20170924_150712_1029,20170924_150712_1029,TRUE,,,TRUE,,
,,9/24/2017,,TRUE,20170924_150713_1029,20170924_150713_1029,TRUE,,,TRUE,,
,,9/24/2017,,TRUE,20170924_160016_1049,20170924_160016_1049,,,,,very left side of AOI,
,,9/24/2017,,TRUE,20170924_160015_1049,20170924_160015_1049,,,,,very left side of AOI,
,,9/24/2017,,TRUE,20170924_150840_102c,20170924_150840_102c,,,,,very small part of left of AOI,
,,9/24/2017,,TRUE,20170924_150709_1029,20170924_150709_1029,,get,low,TRUE,very top of AOI,
,,9/24/2017,,TRUE,20170924_150714_1029,20170924_150714_1029,,,,,,
2017,September,9/25/2017,,TRUE,20170925_155752_0f21,20170925_155752_0f21,TRUE,,,TRUE,,
,,9/25/2017,,TRUE,20170925_155753_0f21,20170925_155753_0f21,TRUE,,,TRUE,,
,,9/25/2017,,TRUE,20170925_155754_0f21,20170925_155754_0f21,TRUE,,,TRUE,,
,,9/25/2017,,TRUE,20170925_155755_0f21,20170925_155755_0f21,TRUE,,,TRUE,,
,,9/25/2017,,TRUE,20170925_155904_0f1a,20170925_155904_0f1a,,,,,,
,,9/25/2017,,TRUE,20170925_155903_0f1a,20170925_155903_0f1a,,,,,,
,,9/25/2017,,TRUE,20170925_155902_0f1a,20170925_155902_0f1a,,,,,,
,,9/25/2017,,TRUE,20170925_155901_0f1a,20170925_155901_0f1a,,,,,very small part of bottom of AOI,
,,9/25/2017,,TRUE,20170925_150651_1036,20170925_150651_1036,,,,,,wispy cloud
,,9/25/2017,,TRUE,20170925_150650_1036,20170925_150650_1036,,,,TRUE,,wispy cloud
,,9/25/2017,,TRUE,20170925_150649_1036,20170925_150649_1036,,,,TRUE,,wispy cloud
,,9/25/2017,,TRUE,20170925_150648_1036,20170925_150648_1036,,,,TRUE,,wispy cloud
,,9/25/2017,,TRUE,20170925_150647_1036,20170925_150647_1036,,,,TRUE,,wispy cloud
,,9/25/2017,,TRUE,20170925_150646_1036,20170925_150646_1036,,,,TRUE,,wispy cloud
,,9/25/2017,,TRUE,20170925_155751_0f21,20170925_155751_0f21,,,,,,
2017,September,9/27/2017,TRUE,FALSE,,,,,,,,
2017,September,9/28/2017,,TRUE,20170928_150648_1009,20170928_150648_1009,TRUE,,,TRUE,,
,,9/28/2017,,TRUE,20170928_150649_1009,20170928_150649_1009,TRUE,,,TRUE,,
,,9/28/2017,,TRUE,20170928_150650_1009,20170928_150650_1009,TRUE,,,TRUE,,
,,9/28/2017,,TRUE,20170928_155747_101c,20170928_155747_101c,TRUE,,,TRUE,,
,,9/28/2017,,TRUE,20170928_155748_101c,20170928_155748_101c,TRUE,,,TRUE,,
,,9/28/2017,,TRUE,20170928_155749_101c,20170928_155749_101c,TRUE,,,TRUE,,
,,9/28/2017,,TRUE,20170928_155750_101c,20170928_155750_101c,TRUE,,,TRUE,,
,,9/28/2017,,TRUE,20170928_155826_1043,20170928_155826_1043,,,,,very small part of top of AOI,
,,9/28/2017,,TRUE,20170928_155825_1043,20170928_155825_1043,,,,,,
,,9/28/2017,,TRUE,20170928_155824_1044,20170928_155824_1044,,,,,,
,,9/28/2017,,TRUE,20170928_155823_1044,20170928_155823_1044,,,,,,
,,9/28/2017,,TRUE,20170928_155822_1045,20170928_155822_1045,,,,,,
,,9/28/2017,,TRUE,20170928_150651_1009,20170928_150651_1009,,,,,,
,,9/28/2017,,TRUE,20170928_150652_1009,20170928_150652_1009,,,,,,
2017,September,9/29/2017,TRUE,FALSE,,,,,,,,
2017,September,9/30/2017,TRUE,FALSE,,,,,,,,
2017,October,10/1/2017,TRUE,FALSE,,,,,,,,
2017,October,10/2/2017,,TRUE,20171002_155842_0f32,20171002_155842_0f32,TRUE,,,,,
,,10/2/2017,,TRUE,20171002_155841_0f32,20171002_155841_0f32,TRUE,,,,,
,,10/2/2017,,TRUE,20171002_155840_0f32,20171002_155840_0f32,TRUE,,,,,
,,10/2/2017,,TRUE,20171002_155839_0f32,20171002_155839_0f32,,,,,tiny bit at bottom of AOI,
2017,October,10/3/2017,TRUE,FALSE,,,,,,,,
2017,October,10/4/2017,,TRUE,20171004_155647_103f,20171004_155647_103f,TRUE,,,TRUE,,
,,10/4/2017,,TRUE,20171004_155649_103f,20171004_155649_103f,TRUE,,,TRUE,,
,,10/4/2017,,TRUE,20171004_155648_103f,20171004_155648_103f,TRUE,,,TRUE,,
,,10/4/2017,,TRUE,20171004_155646_103f,20171004_155646_103f,TRUE,,,TRUE,,
,,10/4/2017,,TRUE,20171004_155645_103f,20171004_155645_103f,,get,low,TRUE,teeny bit at bottom of AOI,
,,10/4/2017,,TRUE,20171004_155532_0f4b,20171004_155532_0f4b,,get,low,TRUE,teeny bit on right edge of AOI,
,,10/4/2017,,TRUE,20171004_155531_0f4b,20171004_155531_0f4b,,get,low,TRUE,teeny bit on right edge of AOI,
,,10/4/2017,,TRUE,20171004_155530_0f4b,20171004_155530_0f4b,,get,low,TRUE,teeny bit on right edge of AOI,
,,10/4/2017,,TRUE,20171004_155816_0f4f,20171004_155816_0f4f,,,,,,
,,10/4/2017,,TRUE,20171004_155815_0f4f,20171004_155815_0f4f,,,,,,
,,10/4/2017,,TRUE,20171004_155814_0f4f,20171004_155814_0f4f,,,,,,
,,10/4/2017,,TRUE,20171004_155813_0f4f,20171004_155813_0f4f,,,,,small bit at bottom of AOI,
2017,October,10/5/2017,TRUE,FALSE,,,,,,,,
2017,October,10/6/2017,,TRUE,20171006_155635_104e,20171006_155635_104e,TRUE,,,TRUE,,
,,10/6/2017,,TRUE,20171006_155636_104e,20171006_155636_104e,TRUE,,,TRUE,,
,,10/6/2017,,TRUE,20171006_155634_104e,20171006_155634_104e,TRUE,,,TRUE,,
,,10/6/2017,,TRUE,20171006_155633_104e,20171006_155633_104e,,get,low,TRUE,only lower portion of AOI,
2017,October,10/7/2017,,TRUE,20171007_155705_0f4b,20171007_155705_0f4b,,,,,,visible clouds
,,10/7/2017,,TRUE,20171007_155704_0f4b,20171007_155704_0f4b,,,,,,visible clouds
2017,October,10/10/2017,,TRUE,20171010_150858_103a,20171010_150858_103a,,,,,,visible clouds
2017,October,10/17/2017,,TRUE,20171017_131703_1_0c82,20171017_131703_1_0c,,,,,teeny bit on left,
,,10/17/2017,,TRUE,20171017_131703_0c82,20171017_131703_0c82,,get,bad,TRUE,not working,
,,10/17/2017,,TRUE,20171017_131704_0c82,20171017_131704_0c82,,get,bad,TRUE,not working,
,,10/17/2017,,TRUE,20171017_131705_0c82,20171017_131705_0c82,,get,bad,TRUE,not working,
,,10/17/2017,,TRUE,20171017_131706_1_0c82,20171017_131706_1_0c,,get,bad,TRUE,not working,
,,10/17/2017,,TRUE,20171017_131706_0c82,20171017_131706_0c82,,get,bad,TRUE,not working,
,,10/17/2017,,TRUE,20171017_155451_0f2e,20171017_155451_0f2e,,,,TRUE,teeny bit on top of AOI,
,,10/17/2017,,TRUE,20171017_155450_0f2e,20171017_155450_0f2e,TRUE,,,TRUE,,
,,10/17/2017,,TRUE,20171017_155449_0f2e,20171017_155449_0f2e,TRUE,,,TRUE,,
,,10/17/2017,,TRUE,20171017_155448_0f2e,20171017_155448_0f2e,TRUE,,,TRUE,,
,,10/17/2017,,TRUE,20171017_155447_0f2e,20171017_155447_0f2e,,,,TRUE,small bit on bottom of AOI,
,,10/17/2017,,TRUE,20171017_131702_0c82,20171017_131702_0c82,,,,,,
,,10/17/2017,,TRUE,20171017_131701_1_0c82,20171017_131701_1_0c,,,,,,
,,10/17/2017,,TRUE,20171017_131701_0c82,20171017_131701_0c82,,,,,very left edget of AOI,
2017,October,10/18/2017,,TRUE,20171018_195107_0c43,20171018_195107_0c43,,get,bad,TRUE,no SR asset,
,,10/18/2017,,TRUE,20171018_195106_0c43,20171018_195106_0c43,,get,bad,TRUE,no SR asset,
,,10/18/2017,,TRUE,20171018_195105_0c43,20171018_195105_0c43,,get,bad,TRUE,no SR asset,
,,10/18/2017,,TRUE,20171018_195105_1_0c43,20171018_195105_1_0c,,get,bad,TRUE,doesnt work,
,,10/18/2017,,TRUE,20171018_195104_0c43,20171018_195104_0c43,,get,bad,TRUE,no SR asset,
,,10/18/2017,,TRUE,20171018_195103_0c43,20171018_195103_0c43,,,,,,
,,10/18/2017,,TRUE,20171018_193922_0c37,20171018_193922_0c37,,,,,tiniest bit on left edge of AOI,
,,10/18/2017,,TRUE,20171018_193922_1_0c37,20171018_193922_1_0c,,,,,tiniest bit on left edge of AOI,
,,10/18/2017,,TRUE,20171018_150849_1042,20171018_150849_1042,,,,,,
,,10/18/2017,,TRUE,20171018_150848_1042,20171018_150848_1042,,,,,,
,,10/18/2017,,TRUE,20171018_150847_1042,20171018_150847_1042,TRUE,,,TRUE,,
,,10/18/2017,,TRUE,20171018_150846_1042,20171018_150846_1042,TRUE,,,TRUE,,
,,10/18/2017,,TRUE,20171018_150845_1042,20171018_150845_1042,TRUE,,regular,TRUE,,
,,10/18/2017,,TRUE,20171018_150844_1042,20171018_150844_1042,,get,low,TRUE,tiny bit on top of AOI,
,,10/18/2017,,TRUE,20171018_141939_1_0c0b,20171018_141939_1_0c,,get,low,TRUE,very small bit at right of AOI,
,,10/18/2017,,TRUE,20171018_141939_0c0b,20171018_141939_0c0b,,get,bad,TRUE,no SR image,
,,10/18/2017,,TRUE,20171018_141938_0c0b,20171018_141938_0c0b,,get,bad,TRUE,no SR image,
,,10/18/2017,,TRUE,20171018_141937_0c0b,20171018_141937_0c0b,,get,bad,TRUE,,
,,10/18/2017,,TRUE,20171018_141936_0c0b,20171018_141936_0c0b,,get,bad,TRUE,,
,,10/18/2017,,TRUE,20171018_141936_1_0c0b,20171018_141936_1_0c,,get,low,TRUE,very small bit at bottom of AOI,
2017,October,10/19/2017,,TRUE,20171019_150927_103c,20171019_150927_103c,,,,,very bottom of AOI,
,,10/19/2017,,TRUE,20171019_150926_103c,20171019_150926_103c,,,,,,a visible cloud
,,10/19/2017,,TRUE,20171019_150925_103c,20171019_150925_103c,,get,low,,,
,,10/19/2017,,TRUE,20171019_150924_103c,20171019_150924_103c,,get,low,,,
2017,October,10/20/2017,,TRUE,20171020_150719_1014,20171020_150719_1014,TRUE,,,TRUE,,
,,10/20/2017,,TRUE,20171020_155434_0f2e,20171020_155434_0f2e,TRUE,,,TRUE,,
,,10/20/2017,,TRUE,20171020_155435_0f2e,20171020_155435_0f2e,TRUE,,,TRUE,,
,,10/20/2017,,TRUE,20171020_155436_0f2e,20171020_155436_0f2e,TRUE,,,TRUE,,
,,10/20/2017,,TRUE,20171020_155437_0f2e,20171020_155437_0f2e,TRUE,,regular,TRUE,,
,,10/20/2017,,TRUE,20171020_155433_0f2e,20171020_155433_0f2e,,get,low,TRUE,very bottom of AOI,
,,10/20/2017,,TRUE,20171020_150722_1014,20171020_150722_1014,,get,low,TRUE,very bottom of AOI,
,,10/20/2017,,TRUE,20171020_150721_1014,20171020_150721_1014,,get,low,TRUE,different resolution,
,,10/20/2017,,TRUE,20171020_150718_1014,20171020_150718_1014,,get,low,TRUE,very top of AOI,
2017,October,10/21/2017,,TRUE,20171021_150810_102c,20171021_150810_102c,TRUE,,,,,
,,10/21/2017,,TRUE,20171021_150811_102c,20171021_150811_102c,TRUE,,,,,
,,10/21/2017,,TRUE,20171021_150812_102c,20171021_150812_102c,TRUE,,,,,
,,10/21/2017,,TRUE,20171021_180735_0c65,20171021_180735_0c65,,,,,very right side of AOI,
,,10/21/2017,,TRUE,20171021_180734_1_0c65,20171021_180734_1_0c,,get,low,,,
,,10/21/2017,,TRUE,20171021_180734_0c65,20171021_180734_0c65,,get,low,,,
,,10/21/2017,,TRUE,20171021_180733_0c65,20171021_180733_0c65,,get,low,,,
,,10/21/2017,,TRUE,20171021_180732_1_0c65,20171021_180732_1_0c,,get,low,,,
,,10/21/2017,,TRUE,20171021_180732_0c65,20171021_180732_0c65,,get,low,,,
,,10/21/2017,,TRUE,20171021_180731_0c65,20171021_180731_0c65,,get,low,,,
,,10/21/2017,,TRUE,20171021_180730_1_0c65,20171021_180730_1_0c,,,,,very left side of AOI,
,,10/21/2017,,TRUE,20171021_150809_102c,20171021_150809_102c,,,,,very top of AOI,
,,10/21/2017,,TRUE,20171021_150813_102c,20171021_150813_102c,,get,low,,,
,,10/21/2017,,TRUE,20171021_150814_102c,20171021_150814_102c,,get,low,,,
2017,October,10/22/2017,,TRUE,20171022_150817_101d,20171022_150817_101d,,get,low,TRUE,very right side of AOI,
,,10/22/2017,,TRUE,20171022_150815_101d,20171022_150815_101d,,get,low,TRUE,very right side of AOI,
2017,October,10/24/2017,,TRUE,20171024_155438_104d,20171024_155438_104d,,,,TRUE,,visible clouds
,,10/24/2017,,TRUE,20171024_155435_104d,20171024_155435_104d,,,,TRUE,,visible clouds
2017,October,10/26/2017,,TRUE,20171026_150837_102d,20171026_150837_102d,,,,TRUE,,visible wispy clouds
2017,October,10/27/2017,,TRUE,20171027_155440_104d,20171027_155440_104d,,,,,very top of AOI,
,,10/27/2017,,TRUE,20171027_155439_104d,20171027_155439_104d,,,,,,
,,10/27/2017,,TRUE,20171027_155438_104d,20171027_155438_104d,,,,,,
,,10/27/2017,,TRUE,20171027_155437_104d,20171027_155437_104d,,,,,,
,,10/27/2017,,TRUE,20171027_155436_104d,20171027_155436_104d,,,,,very bottom of AOI,
2017,October,10/28/2017,,TRUE,20171028_150909_101b,20171028_150909_101b,,get,low,TRUE,very right edge of AOI,
2017,October,10/30/2017,,TRUE,20171030_155253_0f4d,20171030_155253_0f4d,,,,TRUE,,visible clouds
2017,October,10/31/2017,,TRUE,20171031_151228_1031,20171031_151228_1031,,,,,,
,,10/31/2017,,TRUE,20171031_151227_1031,20171031_151227_1031,,,,,,
,,10/31/2017,,TRUE,20171031_151226_1031,20171031_151226_1031,,,,,very top of AOI,
,,10/31/2017,,TRUE,20171031_155246_0f2d,20171031_155246_0f2d,,get,low,TRUE,very bottom of AOI,
,,10/31/2017,,TRUE,20171031_155250_0f2d,20171031_155250_0f2d,TRUE,,,TRUE,,
,,10/31/2017,,TRUE,20171031_155249_0f2d,20171031_155249_0f2d,TRUE,,,TRUE,,
,,10/31/2017,,TRUE,20171031_155248_0f2d,20171031_155248_0f2d,TRUE,,,TRUE,,
,,10/31/2017,,TRUE,20171031_155247_0f2d,20171031_155247_0f2d,TRUE,,,TRUE,,
,,10/31/2017,,TRUE,20171031_151229_1031,20171031_151229_1031,,,,,,
,,10/31/2017,,TRUE,20171031_151230_1031,20171031_151230_1031,,,,,,
2017,November,11/2/2017,,TRUE,20171102_155419_104d,20171102_155419_104d,,,,,,
,,11/2/2017,,TRUE,20171102_155418_104d,20171102_155418_104d,,,,,,
,,11/2/2017,,TRUE,20171102_155417_104d,20171102_155417_104d,,,,,,
,,11/2/2017,,TRUE,20171102_155244_0f4d,20171102_155244_0f4d,,,,TRUE,,visible clouds
,,11/2/2017,,TRUE,20171102_155242_0f4d,20171102_155242_0f4d,,,,TRUE,,visible clouds
,,11/2/2017,,TRUE,20171102_155240_0f4d,20171102_155240_0f4d,,,,TRUE,,visible clouds
2017,November,11/3/2017,,TRUE,20171103_150959_0f35,20171103_150959_0f35,,,,,,visible clouds
,,11/3/2017,,TRUE,20171103_150956_0f35,20171103_150956_0f35,,,,TRUE,,visible wispy clouds
2017,November,11/4/2017,TRUE,FALSE,,,,,,,,
2017,November,11/5/2017,TRUE,FALSE,,,,,,,,
2017,November,11/10/2017,TRUE,FALSE,,,,,,,,
2017,November,11/11/2017,,TRUE,20171111_155308_104d,20171111_155308_104d,,,,,very left edge of AOI,
,,11/11/2017,,TRUE,20171111_155118_0f4d,20171111_155118_0f4d,TRUE,,,TRUE,,
,,11/11/2017,,TRUE,20171111_155117_0f4d,20171111_155117_0f4d,TRUE,,,TRUE,,
,,11/11/2017,,TRUE,20171111_155116_0f4d,20171111_155116_0f4d,TRUE,,,TRUE,,
,,11/11/2017,,TRUE,20171111_155114_0f4d,20171111_155114_0f4d,TRUE,,,TRUE,,
2017,November,11/12/2017,TRUE,FALSE,,,,,,,,
2017,November,11/13/2017,TRUE,FALSE,,,,,,,,
2017,November,11/14/2017,TRUE,FALSE,,,,,,,,
2017,November,11/15/2017,,TRUE,20171115_154650_1052,20171115_154650_1052,TRUE,,,TRUE,,
,,11/15/2017,,TRUE,20171115_154649_1052,20171115_154649_1052,TRUE,,,TRUE,,
,,11/15/2017,,TRUE,20171115_154648_1052,20171115_154648_1052,TRUE,,,TRUE,,
2017,November,11/16/2017,,TRUE,20171116_154908_0f2e,20171116_154908_0f2e,,,,,very top of AOI,
,,11/16/2017,,TRUE,20171116_154907_0f2e,20171116_154907_0f2e,,,,,,
,,11/16/2017,,TRUE,20171116_154906_0f2e,20171116_154906_0f2e,,,,,,
,,11/16/2017,,TRUE,20171116_154905_0f2e,20171116_154905_0f2e,,,,,,
2017,November,11/17/2017,,TRUE,20171117_151027_1005,20171117_151027_1005,TRUE,,,TRUE,,
,,11/17/2017,,TRUE,20171117_151028_1005,20171117_151028_1005,TRUE,,,TRUE,,
,,11/17/2017,,TRUE,20171117_154717_104c,20171117_154717_104c,TRUE,,,TRUE,,
,,11/17/2017,,TRUE,20171117_154718_104c,20171117_154718_104c,TRUE,,,TRUE,,
,,11/17/2017,,TRUE,20171117_154719_104c,20171117_154719_104c,TRUE,,,TRUE,,
,,11/17/2017,,TRUE,20171117_183952_0f06,20171117_183952_0f06,,get,bad,TRUE,no sr image,
,,11/17/2017,,TRUE,20171117_154720_104c,20171117_154720_104c,,get,low,TRUE,very top of AOI,
,,11/17/2017,,TRUE,20171117_154716_104c,20171117_154716_104c,TRUE,,,TRUE,,
,,11/17/2017,,TRUE,20171117_151030_1005,20171117_151030_1005,,,,,,
,,11/17/2017,,TRUE,20171117_151029_1005,20171117_151029_1005,TRUE,,,TRUE,,
,,11/17/2017,,TRUE,20171117_151026_1005,20171117_151026_1005,TRUE,,,TRUE,,
,,11/17/2017,,TRUE,20171117_151025_1005,20171117_151025_1005,,get,low,TRUE,very top of AOI,
2017,November,11/20/2017,,TRUE,20171120_150952_0f12,20171120_150952_0f12,TRUE,,,,not in newer query,
,,11/20/2017,,TRUE,20171120_150953_0f12,20171120_150953_0f12,TRUE,,,TRUE,,
,,11/20/2017,,TRUE,20171120_150954_0f12,20171120_150954_0f12,TRUE,,,TRUE,,
,,11/20/2017,,TRUE,20171120_150955_0f12,20171120_150955_0f12,TRUE,,,TRUE,,
,,11/20/2017,,TRUE,20171120_150957_0f12,20171120_150957_0f12,,,,,,
2017,November,11/21/2017,,TRUE,20171121_151033_100e,20171121_151033_100e,TRUE,,,TRUE,,
,,11/21/2017,,TRUE,20171121_151034_100e,20171121_151034_100e,TRUE,,,TRUE,,visible wispy clouds
,,11/21/2017,,TRUE,20171121_151035_100e,20171121_151035_100e,TRUE,,,TRUE,,visible wispy clouds
2017,November,11/22/2017,TRUE,FALSE,,,,,,,,
2017,November,11/23/2017,TRUE,FALSE,,,,,,,,
2017,November,11/24/2017,,TRUE,20171124_154939_0f29,20171124_154939_0f29,TRUE,,,TRUE,,
,,11/24/2017,,TRUE,20171124_154940_0f29,20171124_154940_0f29,TRUE,,,TRUE,,
,,11/24/2017,,TRUE,20171124_154948_0f29,20171124_154948_0f29,TRUE,,,,not in newer query,
,,11/24/2017,,TRUE,20171124_154937_0f29,20171124_154937_0f29,TRUE,,,TRUE,,
,,11/24/2017,,TRUE,20171124_154938_0f29,20171124_154938_0f29,TRUE,,,TRUE,,
2017,November,11/25/2017,TRUE,FALSE,,,,,,,,
2017,November,11/26/2017,TRUE,FALSE,,,,,,,,
2017,November,11/27/2017,,TRUE,20171127_155010_0f2b,20171127_155010_0f2b,,,,,,
,,11/27/2017,,TRUE,20171127_155011_0f2b,20171127_155011_0f2b,,,,,,
,,11/27/2017,,TRUE,20171127_155012_0f2b,20171127_155012_0f2b,,,,,,
,,11/27/2017,,TRUE,20171127_155013_0f2b,20171127_155013_0f2b,,,,,,
2017,November,11/29/2017,,TRUE,20171129_192251_1_0c79,20171129_192251_1_0c,,,,TRUE,test quality,
,,11/29/2017,,TRUE,20171129_192250_0c79,20171129_192250_0c79,,,,TRUE,test quality,
,,11/29/2017,,TRUE,20171129_192249_0c79,20171129_192249_0c79,,,,TRUE,test quality,
,,11/29/2017,,TRUE,20171129_192249_1_0c79,20171129_192249_1_0c,,,,TRUE,test quality,
,,11/29/2017,,TRUE,20171129_192248_0c79,20171129_192248_0c79,,,,TRUE,test quality,
,,11/29/2017,,TRUE,20171129_192247_1_0c79,20171129_192247_1_0c,,,,,test quality,
,,11/29/2017,,TRUE,20171129_192247_0c79,20171129_192247_0c79,,,,,test quality,
,,11/29/2017,,TRUE,20171129_192246_0c79,20171129_192246_0c79,,,,,test quality,
,,11/29/2017,,TRUE,20171129_192245_0c79,20171129_192245_0c79,,,,,test quality,
2017,November,11/30/2017,TRUE,FALSE,20171130_151006_102c,20171130_151006_102c,TRUE,,,,,
2017,December,12/1/2017,,TRUE,20171201_184338_0c82,20171201_184338_0c82,,get,bad,TRUE,,
,,12/1/2017,,TRUE,20171201_184337_0c82,20171201_184337_0c82,,get,bad,TRUE,,
,,12/1/2017,,TRUE,20171201_184336_0c82,20171201_184336_0c82,,get,bad,TRUE,,
,,12/1/2017,,TRUE,20171201_184335_1_0c82,20171201_184335_1_0c,,get,bad,TRUE,,
,,12/1/2017,,TRUE,20171201_184335_0c82,20171201_184335_0c82,,get,bad,TRUE,,
,,12/1/2017,,TRUE,20171201_184334_0c82,20171201_184334_0c82,,,,,small area at bottom of AOI,
,,12/1/2017,,TRUE,20171201_184333_0c82,20171201_184333_0c82,,,,,small area at bottom of AOI,
,,12/1/2017,,TRUE,20171201_184333_1_0c82,20171201_184333_1_0c,,,,,small area at bottom of AOI,
,,12/1/2017,,TRUE,20171201_184332_0c82,20171201_184332_0c82,,,,,small area at bottom of AOI,
2017,December,12/2/2017,TRUE,FALSE,,,,,,,,
2017,December,12/3/2017,TRUE,FALSE,,,,,,,,
2017,December,12/4/2017,TRUE,FALSE,,,,,,,,
2017,December,12/5/2017,TRUE,FALSE,,,,,,,,
2017,December,12/6/2017,TRUE,FALSE,,,,,,,,
2017,December,12/7/2017,TRUE,FALSE,,,,,,,,
2017,December,12/10/2017,TRUE,FALSE,,,,,,,,
2017,December,12/11/2017,,TRUE,20171211_163908_0c54,20171211_163908_0c54,,,,,very small part of AOI,
,,12/11/2017,,TRUE,20171211_161409_1_0c38,20171211_161409_1_0c,,get,low,TRUE,very small part of AOI,
,,12/11/2017,,TRUE,20171211_151533_0c43,20171211_151533_0c43,,,,,very small part of AOI,
2017,December,12/13/2017,,TRUE,20171213_151125_1003,20171213_151125_1003,TRUE,,,TRUE,,
,,12/13/2017,,TRUE,20171213_151126_1003,20171213_151126_1003,TRUE,,,TRUE,,
,,12/13/2017,,TRUE,20171213_151127_1003,20171213_151127_1003,TRUE,,,TRUE,,
,,12/13/2017,,TRUE,20171213_151128_1003,20171213_151128_1003,TRUE,,,TRUE,,
,,12/13/2017,,TRUE,20171213_151129_1003,20171213_151129_1003,,,,,,
2017,December,12/14/2017,TRUE,FALSE,,,,,,,,
2017,December,12/16/2017,TRUE,FALSE,,,,,,,,
2017,December,12/17/2017,TRUE,FALSE,,,,,,,,
2017,December,12/18/2017,,TRUE,20171218_154545_103f,20171218_154545_103f,TRUE,,,TRUE,,
,,12/18/2017,,TRUE,20171218_151245_102d,20171218_151245_102d,,,,,,
,,12/18/2017,,TRUE,20171218_151244_102d,20171218_151244_102d,,,,,,
,,12/18/2017,,TRUE,20171218_151100_1005,20171218_151100_1005,TRUE,,,TRUE,,
2017,December,12/19/2017,,TRUE,20171219_154539_0f33,20171219_154539_0f33,TRUE,,,TRUE,,
,,12/19/2017,,TRUE,20171219_154540_0f33,20171219_154540_0f33,TRUE,,,TRUE,,
,,12/19/2017,,TRUE,20171219_151221_1038,20171219_151221_1038,,,,,,
,,12/19/2017,,TRUE,20171219_151220_1038,20171219_151220_1038,,,,,,some visible clouds
2017,December,12/21/2017,,TRUE,20171221_151118_1035,20171221_151118_1035,TRUE,,,TRUE,,
,,12/21/2017,,TRUE,20171221_151119_1035,20171221_151119_1035,TRUE,,,TRUE,,
,,12/21/2017,,TRUE,20171221_151120_1035,20171221_151120_1035,TRUE,,,TRUE,,
,,12/21/2017,,TRUE,20171221_151121_1035,20171221_151121_1035,TRUE,,,TRUE,,
,,12/21/2017,,TRUE,20171221_154345_103f,20171221_154345_103f,TRUE,,,TRUE,Test quality,
,,12/21/2017,,TRUE,20171221_174746_0c43,20171221_174746_0c43,,,,TRUE,tiny amount of AOI,
,,12/21/2017,,TRUE,20171221_174745_0c43,20171221_174745_0c43,,get,bad,TRUE,,
,,12/21/2017,,TRUE,20171221_174745_1_0c43,20171221_174745_1_0c,,get,bad,TRUE,,
,,12/21/2017,,TRUE,20171221_174744_0c43,20171221_174744_0c43,,get,bad,TRUE,,
,,12/21/2017,,TRUE,20171221_174743_0c43,20171221_174743_0c43,,get,bad,TRUE,,
,,12/21/2017,,TRUE,20171221_174742_0c43,20171221_174742_0c43,,get,bad,TRUE,,
,,12/21/2017,,TRUE,20171221_154605_100d,20171221_154605_100d,,,,,test quality,
,,12/21/2017,,TRUE,20171221_154603_100d,20171221_154603_100d,,,,,test quality,
,,12/21/2017,,TRUE,20171221_154344_103f,20171221_154344_103f,,,,TRUE,test quality,
,,12/21/2017,,TRUE,20171221_151311_0f22,20171221_151311_0f22,,,,,test quality,
,,12/21/2017,,TRUE,20171221_151310_0f22,20171221_151310_0f22,,,,,test quality,
,,12/21/2017,,TRUE,20171221_151309_0f22,20171221_151309_0f22,,,,,test quality,
,,12/21/2017,,TRUE,20171221_151123_1035,20171221_151123_1035,,,,,,
,,12/21/2017,,TRUE,20171221_151122_1035,20171221_151122_1035,,,,,,
2017,December,12/24/2017,TRUE,FALSE,20171224_154359_100d,20171224_154359_100d,TRUE,,,,,
2017,December,12/25/2017,,TRUE,20171225_151144_1033,20171225_151144_1033,,,,TRUE,,visible clouds
2017,December,12/26/2017,TRUE,FALSE,,,,,,,,
2017,December,12/28/2017,,TRUE,20171228_151258_1044,20171228_151258_1044,TRUE,,,TRUE,,
,,12/28/2017,,TRUE,20171228_151259_1044,20171228_151259_1044,TRUE,,,TRUE,,
,,12/28/2017,,TRUE,20171228_151314_102e,20171228_151314_102e,TRUE,,,,,
,,12/28/2017,,TRUE,20171228_154350_0f3d,20171228_154350_0f3d,TRUE,,,TRUE,,
,,12/28/2017,,TRUE,20171228_154351_0f3d,20171228_154351_0f3d,TRUE,,,TRUE,,
,,12/28/2017,,TRUE,20171228_151315_102e,20171228_151315_102e,,,,,,
,,12/28/2017,,TRUE,20171228_151316_102e,20171228_151316_102e,,,,,,
,,12/28/2017,,TRUE,20171228_151200_1044,20171228_151200_1044,TRUE,,,TRUE,,
2017,December,12/29/2017,TRUE,FALSE,,,,,,,,
2017,December,12/31/2017,TRUE,FALSE,,,,,,,,
2018,January,1/1/2018,,TRUE,20180102_151220_103a,20180102_151220_103a,,,,,"snow cover, not in new search query",
,,1/1/2018,,TRUE,20180101_154329_1051,20180101_154329_1051,,,,,,
,,1/1/2018,,TRUE,20180101_151150_101e,20180101_151150_101e,TRUE,,,TRUE,,
,,1/2/2018,,TRUE,20180102_151224_103a,20180102_151224_103a,,,,,,
,,1/2/2018,,TRUE,20180102_151223_103a,20180102_151223_103a,TRUE,,,TRUE,,
,,1/2/2018,,TRUE,20180102_151221_103a,20180102_151221_103a,TRUE,,,TRUE,,
,,1/3/2018,TRUE,FALSE,,,,,,,,
,,1/5/2018,TRUE,FALSE,,,,,,,,
,,1/6/2018,TRUE,FALSE,,,,,,,,
,,1/7/2018,TRUE,FALSE,,,,,,,,
,,1/8/2018,TRUE,FALSE,,,,,,,,
,,1/9/2018,TRUE,FALSE,,,,,,,,
,,1/10/2018,TRUE,FALSE,,,,,,,,
,,1/11/2018,TRUE,FALSE,,,,,,,,
,,1/14/2018,TRUE,TRUE,20180114_151237_1031,20180114_151237_1031,,,,,,
,,1/14/2018,TRUE,TRUE,20180114_151236_1031,20180114_151236_1031,TRUE,,,TRUE,,
,,1/14/2018,TRUE,TRUE,20180114_151235_1031,20180114_151235_1031,TRUE,,,TRUE,,
,,1/14/2018,TRUE,TRUE,20180114_151234_1031,20180114_151234_1031,TRUE,,,TRUE,,
,,1/15/2018,TRUE,FALSE,,,,,,,,
,,1/16/2018,TRUE,TRUE,20180116_153913_1053,20180116_153913_1053,,,,TRUE,visible wispy clouds,
,,1/16/2018,TRUE,TRUE,20180116_153912_1053,20180116_153912_1053,,,,TRUE,visible wispy clouds,
,,1/18/2018,TRUE,FALSE,,,,,,,,
,,1/19/2018,TRUE,FALSE,,,,,,,,
,,1/20/2018,TRUE,FALSE,,,,,,,,
,,1/22/2018,TRUE,FALSE,,,,,,,,
,,1/23/2018,TRUE,FALSE,,,,,,,,
,,1/24/2018,TRUE,FALSE,,,,,,,,
,,1/25/2018,TRUE,TRUE,20180125_153918_0f49,20180125_153918_0f49,,get,regular,TRUE,,
,,1/25/2018,TRUE,TRUE,20180125_153917_0f49,20180125_153917_0f49,TRUE,,,TRUE,,
,,1/26/2018,TRUE,TRUE,20180126_153933_0f44,20180126_153933_0f44,,,,,test quality,
,,1/26/2018,TRUE,TRUE,20180126_151134_1001,20180126_151134_1001,TRUE,,,TRUE,,
,,1/26/2018,TRUE,TRUE,20180126_151135_1001,20180126_151135_1001,TRUE,,,TRUE,,
,,1/26/2018,TRUE,TRUE,20180126_151136_1001,20180126_151136_1001,TRUE,,,TRUE,,
,,1/26/2018,TRUE,TRUE,20180126_151137_1001,20180126_151137_1001,TRUE,,,TRUE,,
,,1/26/2018,TRUE,TRUE,20180126_151133_1001,20180126_151133_1001,,get,low,TRUE,very top of AOI,
,,1/26/2018,TRUE,TRUE,20180126_153743_0f3c,20180126_153743_0f3c,,,,TRUE,test quality,
,,1/26/2018,TRUE,TRUE,20180126_153742_0f3c,20180126_153742_0f3c,,,,TRUE,test quality,
,,1/26/2018,TRUE,TRUE,20180126_153741_0f3c,20180126_153741_0f3c,,,,TRUE,test quality,
,,1/26/2018,TRUE,TRUE,20180126_153740_0f3c,20180126_153740_0f3c,,,,TRUE,test quality,
,,1/27/2018,TRUE,FALSE,,,,,,,,
,,1/31/2018,TRUE,TRUE,20180131_151141_1024,20180131_151141_1024,TRUE,,,TRUE,,
,,1/31/2018,TRUE,TRUE,20180131_151143_1024,20180131_151143_1024,,get,low,TRUE,different resolution,
2018,February,2/2/2018,TRUE,FALSE,,,,,,,,
,,2/3/2018,TRUE,TRUE,20180203_151216_1032,20180203_151216_1032,TRUE,,,TRUE,,
,,2/3/2018,TRUE,TRUE,20180203_151217_1032,20180203_151217_1032,TRUE,,,TRUE,,
,,2/3/2018,TRUE,TRUE,20180203_151218_1032,20180203_151218_1032,TRUE,,,TRUE,,
,,2/3/2018,TRUE,TRUE,20180203_153613_100d,20180203_153613_100d,TRUE,,,TRUE,,
,,2/3/2018,TRUE,TRUE,20180203_153614_100d,20180203_153614_100d,TRUE,,,TRUE,,
,,2/3/2018,TRUE,TRUE,20180203_153615_100d,20180203_153615_100d,TRUE,,,TRUE,,
,,2/3/2018,TRUE,TRUE,20180203_153616_100d,20180203_153616_100d,TRUE,,,TRUE,,
,,2/3/2018,TRUE,TRUE,20180203_151214_1032,20180203_151214_1032,,get,low,TRUE,very top of AOI,
,,2/3/2018,TRUE,TRUE,20180203_151219_1032,20180203_151219_1032,,get,low,TRUE,very bottom of AOI,
,,2/3/2018,TRUE,TRUE,20180203_153612_100d,20180203_153612_100d,,get,low,TRUE,very bottom of AOI,
,,2/5/2018,TRUE,TRUE,20180205_153728_104a,20180205_153728_104a,,get,regular,TRUE,,
,,2/5/2018,TRUE,TRUE,20180205_153729_104a,20180205_153729_104a,TRUE,,,TRUE,,
,,2/5/2018,TRUE,TRUE,20180205_153730_104a,20180205_153730_104a,TRUE,,,TRUE,,
,,2/5/2018,TRUE,TRUE,20180205_153731_104a,20180205_153731_104a,TRUE,,,,,
,,2/5/2018,TRUE,TRUE,20180205_151316_0f4e,20180205_151316_0f4e,TRUE,,regular,TRUE,,
,,2/5/2018,TRUE,TRUE,20180205_151315_0f4e,20180205_151315_0f4e,TRUE,,regular,TRUE,,
,,2/5/2018,TRUE,TRUE,20180205_151314_0f4e,20180205_151314_0f4e,,,,TRUE,"visible clouds, different resolution",
,,2/5/2018,TRUE,TRUE,20180205_151313_0f4e,20180205_151313_0f4e,,,,TRUE,"visible clouds, different resolution",
,,2/5/2018,TRUE,TRUE,20180205_151338_1011,20180205_151338_1011,,,,,,
,,2/5/2018,TRUE,TRUE,20180205_151337_1011,20180205_151337_1011,,,,,,
,,2/5/2018,TRUE,TRUE,20180205_151336_1011,20180205_151336_1011,TRUE,,regular,TRUE,,
,,2/5/2018,TRUE,TRUE,20180205_151444_1042,20180205_151444_1042,,,,,very left side of AOI,
,,2/5/2018,TRUE,TRUE,20180205_151443_1042,20180205_151443_1042,,,,,very left side of AOI,
,,2/5/2018,TRUE,TRUE,20180205_151442_1042,20180205_151442_1042,,,,,very left side of AOI,
,,2/8/2018,TRUE,TRUE,20180208_153606_1051,20180208_153606_1051,TRUE,,,TRUE,,
,,2/8/2018,TRUE,TRUE,20180208_153607_1051,20180208_153607_1051,TRUE,,,TRUE,,
,,2/8/2018,TRUE,TRUE,20180208_153608_1051,20180208_153608_1051,TRUE,,,TRUE,,
,,2/8/2018,TRUE,TRUE,20180208_153609_1051,20180208_153609_1051,TRUE,,,TRUE,,
,,2/8/2018,TRUE,TRUE,20180208_153605_1051,20180208_153605_1051,,get,low,TRUE,very bottom of AOI,
,,2/8/2018,TRUE,TRUE,20180208_151352_1001,20180208_151352_1001,,,,,,
,,2/8/2018,TRUE,TRUE,20180208_151157_1003,20180208_151157_1003,,get,low,TRUE,very right side of AOI,
,,2/8/2018,TRUE,TRUE,20180208_151156_1003,20180208_151156_1003,,get,low,TRUE,very right side of AOI,
,,2/9/2018,TRUE,FALSE,,,,,,,,
,,2/13/2018,TRUE,TRUE,20180213_151343_1024,20180213_151343_1024,,get,low,TRUE,very tiny bit at bottom of AOI,
,,2/13/2018,TRUE,TRUE,20180213_151342_1024,20180213_151342_1024,TRUE,,,TRUE,,
,,2/13/2018,TRUE,TRUE,20180213_151341_1024,20180213_151341_1024,TRUE,,,TRUE,,
,,2/13/2018,TRUE,TRUE,20180213_151340_1024,20180213_151340_1024,TRUE,,,TRUE,,
,,2/14/2018,TRUE,FALSE,,,,,,,,
,,2/17/2018,TRUE,TRUE,20180217_151438_0e20,20180217_151438_0e20,TRUE,,,TRUE,,
,,2/17/2018,TRUE,TRUE,20180217_151439_0e20,20180217_151439_0e20,TRUE,,,TRUE,,
,,2/17/2018,TRUE,TRUE,20180217_151440_0e20,20180217_151440_0e20,TRUE,,,TRUE,,
,,2/17/2018,TRUE,TRUE,20180217_153436_1053,20180217_153436_1053,TRUE,,,TRUE,,
,,2/17/2018,TRUE,TRUE,20180217_153437_1053,20180217_153437_1053,TRUE,,,TRUE,,
,,2/17/2018,TRUE,TRUE,20180217_153438_1053,20180217_153438_1053,TRUE,,,TRUE,,
,,2/17/2018,TRUE,TRUE,20180217_151336_1002,20180217_151336_1002,,,,,,
,,2/17/2018,TRUE,TRUE,20180217_151437_0e20,20180217_151437_0e20,TRUE,,,TRUE,,
,,2/17/2018,TRUE,TRUE,20180217_151441_0e20,20180217_151441_0e20,,get,regular,TRUE,,
,,2/17/2018,TRUE,TRUE,20180217_153439_1053,20180217_153439_1053,,get,regular,TRUE,,
,,2/17/2018,TRUE,TRUE,20180217_153435_1053,20180217_153435_1053,,get,regular,TRUE,,
,,2/18/2018,TRUE,TRUE,20180218_151404_101e,20180218_151404_101e,,,,,tiny part of bottom of AOI,
,,2/18/2018,TRUE,TRUE,20180218_171348_0c37,20180218_171348_0c37,,get,bad,TRUE,2.6m resolution,
,,2/18/2018,TRUE,TRUE,20180218_171347_0c37,20180218_171347_0c37,,get,bad,TRUE,2.6m resolution,
,,2/20/2018,TRUE,FALSE,,,,,,,,
,,2/21/2018,TRUE,FALSE,,,,,,,,
,,2/27/2018,TRUE,TRUE,20180227_151345_1034,20180227_151345_1034,TRUE,,,TRUE,,
,,2/27/2018,TRUE,TRUE,20180227_151346_1034,20180227_151346_1034,TRUE,,,TRUE,,
,,2/27/2018,TRUE,TRUE,20180227_151347_1034,20180227_151347_1034,TRUE,,,TRUE,,
,,2/27/2018,TRUE,TRUE,20180227_153316_0f44,20180227_153316_0f44,TRUE,,,TRUE,,
,,2/27/2018,TRUE,TRUE,20180227_153317_0f44,20180227_153317_0f44,TRUE,,,TRUE,,
,,2/27/2018,TRUE,TRUE,20180227_153318_0f44,20180227_153318_0f44,TRUE,,,TRUE,,
,,2/27/2018,TRUE,TRUE,20180227_153319_0f44,20180227_153319_0f44,,get,low,TRUE,very top of AOI,
,,2/27/2018,TRUE,TRUE,20180227_153315_0f44,20180227_153315_0f44,,get,regular,TRUE,,
,,2/27/2018,TRUE,TRUE,20180227_151344_1034,20180227_151344_1034,,get,regular,TRUE,,
,,2/27/2018,TRUE,TRUE,20180227_151348_1034,20180227_151348_1034,,get,regular,TRUE,,
,,2/27/2018,TRUE,TRUE,20180227_151542_1044,20180227_151542_1044,,,,,very bottom of AOI,
,,2/27/2018,TRUE,TRUE,20180227_151541_1044,20180227_151541_1044,,,,,,
,,2/27/2018,TRUE,TRUE,20180227_151540_1044,20180227_151540_1044,,,,,,
,,2/27/2018,TRUE,TRUE,20180227_151539_1044,20180227_151539_1044,,,,,,
,,2/27/2018,TRUE,TRUE,20180227_151538_1044,20180227_151538_1044,,,,,very top of AOI,
,,2/28/2018,TRUE,FALSE,20180228_153407_1048,20180228_153407_1048,TRUE,,,,,
2018,March,3/3/2018,TRUE,FALSE,,,,,,,,
,,3/5/2018,TRUE,TRUE,20180305_151417_1022,20180305_151417_1022,TRUE,,,TRUE,,
,,3/5/2018,TRUE,TRUE,20180305_151416_1022,20180305_151416_1022,TRUE,,,TRUE,,
,,3/5/2018,TRUE,TRUE,20180305_151415_1022,20180305_151415_1022,TRUE,,,TRUE,,
,,3/5/2018,TRUE,TRUE,20180305_151414_1022,20180305_151414_1022,TRUE,,,TRUE,,
,,3/6/2018,TRUE,FALSE,,,,,,,,
,,3/8/2018,TRUE,TRUE,20180308_151452_1004,20180308_151452_1004,,get,regular,TRUE,,
,,3/8/2018,TRUE,TRUE,20180308_151347_1013,20180308_151347_1013,,get,regular,TRUE,,
,,3/9/2018,TRUE,FALSE,,,,,,,,
,,3/10/2018,TRUE,TRUE,20180310_151507_1009,20180310_151507_1009,,,,TRUE,test quality,
,,3/10/2018,TRUE,TRUE,20180310_151505_1009,20180310_151505_1009,,,,TRUE,test quality,
,,3/10/2018,TRUE,TRUE,20180310_151504_1009,20180310_151504_1009,,,,TRUE,test quality,
,,3/10/2018,TRUE,TRUE,20180310_151344_1010,20180310_151344_1010,,get,regular,TRUE,,
,,3/11/2018,TRUE,TRUE,,,,,,,,
,,3/13/2018,TRUE,TRUE,,,,,,,,
,,3/14/2018,TRUE,TRUE,,,,,,,,
,,3/15/2018,TRUE,TRUE,20180315_151326_102c,20180315_151326_102c,TRUE,,,TRUE,,
,,3/15/2018,TRUE,TRUE,20180315_151327_102c,20180315_151327_102c,TRUE,,,TRUE,,
,,3/15/2018,TRUE,TRUE,20180315_153126_0f2d,20180315_153126_0f2d,TRUE,,,,,
,,3/15/2018,TRUE,TRUE,20180315_153128_0f2d,20180315_153128_0f2d,TRUE,,,TRUE,,
,,3/15/2018,TRUE,TRUE,20180315_151328_102c,20180315_151328_102c,,get,regular,TRUE,,
,,3/15/2018,TRUE,TRUE,20180315_153127_0f2d,20180315_153127_0f2d,,get,regular,TRUE,,
,,3/15/2018,TRUE,TRUE,20180315_153124_0f2d,20180315_153124_0f2d,,get,regular,TRUE,,
,,3/15/2018,TRUE,TRUE,20180315_151325_102c,20180315_151325_102c,,get,regular,TRUE,,
,,3/16/2018,TRUE,FALSE,,,,,,,,
,,3/17/2018,TRUE,FALSE,,,,,,,,
,,3/18/2018,TRUE,TRUE,20180318_153146_0f2b,20180318_153146_0f2b,TRUE,,,TRUE,,
,,3/18/2018,TRUE,TRUE,20180318_153147_0f2b,20180318_153147_0f2b,TRUE,,,TRUE,,
,,3/19/2018,TRUE,TRUE,20180319_151414_101f,20180319_151414_101f,TRUE,,,TRUE,,
,,3/19/2018,TRUE,TRUE,20180319_151416_101f,20180319_151416_101f,TRUE,,,TRUE,,
,,3/19/2018,TRUE,TRUE,20180319_151517_1003,20180319_151517_1003,TRUE,,,TRUE,,
,,3/19/2018,TRUE,TRUE,20180319_151518_1003,20180319_151518_1003,TRUE,,,TRUE,,
,,3/19/2018,TRUE,TRUE,20180319_151519_1003,20180319_151519_1003,,get,regular,TRUE,,
,,3/19/2018,TRUE,TRUE,20180319_151520_1003,20180319_151520_1003,,get,regular,TRUE,,
,,3/22/2018,TRUE,FALSE,,,,,,,,
,,3/23/2018,TRUE,TRUE,20180323_213851_0c59,20180323_213851_0c59,,get,bad,TRUE,,
,,3/23/2018,TRUE,TRUE,20180323_213851_1_0c59,20180323_213851_1_0c,,get,bad,TRUE,,
,,3/23/2018,TRUE,TRUE,20180323_213850_0c59,20180323_213850_0c59,,get,bad,TRUE,,
,,3/23/2018,TRUE,TRUE,20180323_213849_0c59,20180323_213849_0c59,,,,TRUE,visible clouds,
,,3/23/2018,TRUE,TRUE,20180323_213848_0c59,20180323_213848_0c59,,,,TRUE,visible clouds,
,,3/23/2018,TRUE,TRUE,20180323_213848_1_0c59,20180323_213848_1_0c,,get,bad,TRUE,,
,,3/24/2018,TRUE,TRUE,20180324_151501_1024,20180324_151501_1024,TRUE,,,TRUE,,
,,3/24/2018,TRUE,TRUE,20180324_151502_1024,20180324_151502_1024,TRUE,,,TRUE,,
,,3/24/2018,TRUE,TRUE,20180324_151503_1024,20180324_151503_1024,TRUE,,,TRUE,,
,,3/24/2018,TRUE,TRUE,20180324_151504_1024,20180324_151504_1024,TRUE,,,TRUE,,
,,3/24/2018,TRUE,TRUE,20180324_152927_103f,20180324_152927_103f,TRUE,,,TRUE,,
,,3/24/2018,TRUE,TRUE,20180324_152928_103f,20180324_152928_103f,TRUE,,,TRUE,,
,,3/24/2018,TRUE,TRUE,20180324_152929_103f,20180324_152929_103f,TRUE,,,TRUE,,
,,3/24/2018,TRUE,TRUE,20180324_152930_103f,20180324_152930_103f,TRUE,,,TRUE,,
,,3/25/2018,TRUE,TRUE,20180325_151445_1034,20180325_151445_1034,,get,regular,TRUE,,
,,3/26/2018,TRUE,TRUE,20180326_193659_0c37,20180326_193659_0c37,,,,TRUE,very tiny bit of right side of aoi,
,,3/26/2018,TRUE,TRUE,20180326_193658_1_0c37,20180326_193658_1_0c,,,,TRUE,visible clouds,
,,3/27/2018,TRUE,FALSE,,,,,,,,
,,3/29/2018,TRUE,TRUE,20180329_151514_101e,20180329_151514_101e,TRUE,,,TRUE,,
,,3/29/2018,TRUE,TRUE,20180329_151515_101e,20180329_151515_101e,TRUE,,,TRUE,,
,,3/29/2018,TRUE,TRUE,20180329_151516_101e,20180329_151516_101e,TRUE,,,TRUE,visible clouds,
,,3/29/2018,TRUE,TRUE,20180329_151517_101e,20180329_151517_101e,TRUE,,,TRUE,,
,,3/30/2018,TRUE,FALSE,,,,,,,,
,,3/31/2018,TRUE,TRUE,,,,,,,,
2018,April,4/5/2018,TRUE,TRUE,20180405_151536_0f18,20180405_151536_0f18,TRUE,,,TRUE,,
,,4/5/2018,TRUE,TRUE,20180405_151538_0f18,20180405_151538_0f18,TRUE,,,TRUE,visible clouds,
,,4/5/2018,TRUE,TRUE,20180405_151539_0f18,20180405_151539_0f18,,get,regular,TRUE,,
,,4/5/2018,TRUE,TRUE,20180405_151537_0f18,20180405_151537_0f18,,get,regular,TRUE,,
,,4/5/2018,TRUE,TRUE,20180405_151425_1009,20180405_151425_1009,,get,regular,TRUE,,
,,4/5/2018,TRUE,TRUE,20180405_151424_1009,20180405_151424_1009,,get,regular,TRUE,,
,,4/5/2018,TRUE,TRUE,20180405_151423_1009,20180405_151423_1009,,get,regular,TRUE,,
,,4/5/2018,TRUE,TRUE,20180405_151422_1009,20180405_151422_1009,,get,regular,TRUE,,
,,4/8/2018,TRUE,TRUE,20180408_161457_0c38,20180408_161457_0c38,,,,TRUE,visible clouds,
,,4/8/2018,TRUE,TRUE,20180408_161456_0c38,20180408_161456_0c38,,,,TRUE,visible clouds,
,,4/8/2018,TRUE,TRUE,20180408_161455_1_0c38,20180408_161455_1_0c,,,,TRUE,visible clouds,
,,4/8/2018,TRUE,TRUE,20180408_161455_0c38,20180408_161455_0c38,,get,bad,TRUE,,
,,4/8/2018,TRUE,TRUE,20180408_161454_0c38,20180408_161454_0c38,,get,bad,TRUE,,
,,4/9/2018,TRUE,FALSE,,,,,,,,
,,4/10/2018,TRUE,FALSE,,,,,,,,
,,4/11/2018,TRUE,TRUE,,,,,,,,
,,4/12/2018,TRUE,FALSE,,,,,,,,
,,4/13/2018,TRUE,TRUE,20180413_151625_1014,20180413_151625_1014,TRUE,,,TRUE,,
,,4/13/2018,TRUE,TRUE,20180413_151626_1014,20180413_151626_1014,,get,regular,TRUE,,
,,4/13/2018,TRUE,TRUE,20180413_151624_1014,20180413_151624_1014,,get,regular,TRUE,,
,,4/13/2018,TRUE,TRUE,20180413_151623_1014,20180413_151623_1014,,,,TRUE,,
,,4/14/2018,TRUE,TRUE,20180414_151527_1001,20180414_151527_1001,TRUE,,,TRUE,,
,,4/14/2018,TRUE,TRUE,20180414_151528_1001,20180414_151528_1001,TRUE,,,TRUE,,
,,4/14/2018,TRUE,TRUE,20180414_151530_1001,20180414_151530_1001,,get,regular,TRUE,,
,,4/14/2018,TRUE,TRUE,20180414_151404_1003,20180414_151404_1003,,,,TRUE,very edge of aoi,
,,4/14/2018,TRUE,TRUE,20180414_152813_0f33,20180414_152813_0f33,,,,TRUE,very edge of aoi,
,,4/14/2018,TRUE,TRUE,20180414_152812_0f33,20180414_152812_0f33,,,,TRUE,very edge of aoi,
,,4/16/2018,TRUE,FALSE,,,,,,,,
,,4/17/2018,TRUE,FALSE,,,,,,,,
,,4/18/2018,TRUE,TRUE,20180418_151539_100c,20180418_151539_100c,TRUE,,,TRUE,,
,,4/18/2018,TRUE,TRUE,20180418_151540_100c,20180418_151540_100c,TRUE,,,TRUE,,
,,4/18/2018,TRUE,TRUE,20180418_151541_100c,20180418_151541_100c,TRUE,,,TRUE,,
,,4/18/2018,TRUE,TRUE,20180418_151542_100c,20180418_151542_100c,TRUE,,,TRUE,,
,,4/18/2018,TRUE,TRUE,20180418_151538_100c,20180418_151538_100c,,get,low,TRUE,very top of aoi,
,,4/19/2018,TRUE,FALSE,,,,,,,,
,,4/20/2018,TRUE,TRUE,20180420_152633_0f46,20180420_152633_0f46,TRUE,,,TRUE,visible clouds,
,,4/20/2018,TRUE,TRUE,20180420_152634_0f46,20180420_152634_0f46,TRUE,,,TRUE,,
,,4/20/2018,TRUE,TRUE,20180420_152636_0f46,20180420_152636_0f46,TRUE,,,TRUE,visible clouds,
,,4/20/2018,TRUE,TRUE,20180420_152635_0f46,20180420_152635_0f46,,,,TRUE,visible clouds,
,,4/20/2018,TRUE,TRUE,20180420_152632_0f46,20180420_152632_0f46,,,,TRUE,very very bottom of aoi,
,,4/20/2018,TRUE,TRUE,20180420_151516_102e,20180420_151516_102e,,get,regular,TRUE,,
,,4/20/2018,TRUE,TRUE,20180420_151515_102e,20180420_151515_102e,,,,TRUE,visible clouds,
,,4/20/2018,TRUE,TRUE,20180420_151514_102e,20180420_151514_102e,,get,regular,TRUE,,
,,4/21/2018,TRUE,TRUE,20180421_151650_103d,20180421_151650_103d,,get,regular,TRUE,,
,,4/21/2018,TRUE,TRUE,20180421_151649_103d,20180421_151649_103d,,get,regular,TRUE,,
,,4/21/2018,TRUE,TRUE,20180421_151648_103d,20180421_151648_103d,,get,regular,TRUE,,
,,4/21/2018,TRUE,TRUE,20180421_151647_103d,20180421_151647_103d,,get,regular,TRUE,,
,,4/23/2018,TRUE,TRUE,,,,,,,,
,,4/25/2018,TRUE,FALSE,,,,,,,,
,,4/26/2018,TRUE,TRUE,20180426_151551_1035,20180426_151551_1035,TRUE,,,TRUE,,
,,4/26/2018,TRUE,TRUE,20180426_151552_1035,20180426_151552_1035,TRUE,,,TRUE,,
,,4/26/2018,TRUE,TRUE,20180426_151553_1035,20180426_151553_1035,TRUE,,,TRUE,,
,,4/26/2018,TRUE,TRUE,20180426_151554_1035,20180426_151554_1035,TRUE,,,TRUE,,
,,4/26/2018,TRUE,TRUE,20180426_151550_1035,20180426_151550_1035,,get,low,TRUE,very top of aoi,
,,4/27/2018,TRUE,FALSE,,,,,,,,
,,4/29/2018,TRUE,FALSE,,,,,,,,
,,4/30/2018,TRUE,TRUE,20180430_152525_100d,20180430_152525_100d,,get,low,TRUE,very small bit of left side of aoi,
2018,May,5/1/2018,TRUE,TRUE,20180501_151630_0f35,20180501_151630_0f35,TRUE,,,TRUE,,
,,5/1/2018,TRUE,TRUE,20180501_151631_0f35,20180501_151631_0f35,TRUE,,,TRUE,,
,,5/1/2018,TRUE,TRUE,20180501_151632_0f35,20180501_151632_0f35,TRUE,,,TRUE,,
,,5/1/2018,TRUE,TRUE,20180501_151727_1018,20180501_151727_1018,TRUE,,,TRUE,,
,,5/1/2018,TRUE,TRUE,20180501_151728_1018,20180501_151728_1018,TRUE,,,TRUE,,
,,5/1/2018,TRUE,TRUE,20180501_151729_1018,20180501_151729_1018,TRUE,,,TRUE,,
,,5/1/2018,TRUE,TRUE,20180501_152534_0f33,20180501_152534_0f33,TRUE,,,TRUE,,
,,5/1/2018,TRUE,TRUE,20180501_152535_0f33,20180501_152535_0f33,TRUE,,,TRUE,,
,,5/1/2018,TRUE,TRUE,20180501_152533_0f33,20180501_152533_0f33,,get,regular,TRUE,,
,,5/1/2018,TRUE,TRUE,20180501_152536_0f33,20180501_152536_0f33,,,,TRUE,very small part of top of AOI,
,,5/1/2018,TRUE,TRUE,20180501_151730_1018,20180501_151730_1018,,,,TRUE,very small part of bottom of aoi,
,,5/1/2018,TRUE,TRUE,20180501_151629_0f35,20180501_151629_0f35,,get,regular,TRUE,,
,,5/1/2018,TRUE,TRUE,20180501_151633_0f35,20180501_151633_0f35,,get,regular,TRUE,,
,,5/2/2018,TRUE,TRUE,20180502_151535_0e19,20180502_151535_0e19,TRUE,,,TRUE,,
,,5/2/2018,TRUE,TRUE,20180502_151536_0e19,20180502_151536_0e19,TRUE,,,TRUE,,
,,5/2/2018,TRUE,TRUE,20180502_151538_0e19,20180502_151538_0e19,TRUE,,,TRUE,,
,,5/2/2018,TRUE,TRUE,20180502_152453_1051,20180502_152453_1051,TRUE,,,TRUE,,
,,5/2/2018,TRUE,TRUE,20180502_152454_1051,20180502_152454_1051,TRUE,,,TRUE,,
,,5/2/2018,TRUE,TRUE,20180502_152455_1051,20180502_152455_1051,TRUE,,,TRUE,,
,,5/2/2018,TRUE,TRUE,20180502_152456_1051,20180502_152456_1051,TRUE,,,TRUE,,
,,5/2/2018,TRUE,TRUE,20180502_152452_1051,20180502_152452_1051,,,,TRUE,very tiny bit at bottom of AOI,
,,5/2/2018,TRUE,TRUE,20180502_151534_0e19,20180502_151534_0e19,,get,regular,TRUE,,
,,5/2/2018,TRUE,TRUE,20180502_151539_0e19,20180502_151539_0e19,,get,regular,TRUE,,
,,5/3/2018,TRUE,TRUE,20180503_151605_1006,20180503_151605_1006,TRUE,,,TRUE,,
,,5/3/2018,TRUE,TRUE,20180503_151606_1006,20180503_151606_1006,TRUE,,,TRUE,,
,,5/3/2018,TRUE,TRUE,20180503_151607_1006,20180503_151607_1006,TRUE,,,TRUE,,
,,5/3/2018,TRUE,TRUE,20180503_151721_1013,20180503_151721_1013,TRUE,,,TRUE,,
,,5/3/2018,TRUE,TRUE,20180503_151722_1013,20180503_151722_1013,TRUE,,,TRUE,,
,,5/3/2018,TRUE,TRUE,20180503_151723_1013,20180503_151723_1013,,get,regular,TRUE,,
,,5/3/2018,TRUE,TRUE,20180503_151720_1013,20180503_151720_1013,,get,regular,TRUE,,
,,5/3/2018,TRUE,TRUE,20180503_151604_1006,20180503_151604_1006,,get,regular,TRUE,,
,,5/3/2018,TRUE,TRUE,20180503_151608_1006,20180503_151608_1006,,get,regular,TRUE,,
,,5/4/2018,TRUE,FALSE,,,,,,,,
,,5/7/2018,TRUE,FALSE,,,,,,,,
,,5/8/2018,TRUE,TRUE,20180508_151609_103b,20180508_151609_103b,TRUE,,,TRUE,,
,,5/8/2018,TRUE,TRUE,20180508_151610_103b,20180508_151610_103b,TRUE,,,TRUE,,
,,5/8/2018,TRUE,TRUE,20180508_151611_103b,20180508_151611_103b,TRUE,,,TRUE,,
,,5/8/2018,TRUE,TRUE,20180508_151608_103b,20180508_151608_103b,,,,TRUE,very top of aoi,
,,5/9/2018,TRUE,TRUE,20180509_151700_1008,20180509_151700_1008,TRUE,,,TRUE,,
,,5/9/2018,TRUE,TRUE,20180509_151701_1008,20180509_151701_1008,TRUE,,,TRUE,,
,,5/9/2018,TRUE,TRUE,20180509_151658_1008,20180509_151658_1008,,get,regular,TRUE,,
,,5/9/2018,TRUE,TRUE,20180509_151659_1008,20180509_151659_1008,,get,regular,TRUE,,
,,5/9/2018,TRUE,TRUE,20180509_151702_1008,20180509_151702_1008,,get,regular,TRUE,,
,,5/10/2018,TRUE,FALSE,,,,,,,,
,,5/11/2018,TRUE,TRUE,20180511_151707_101e,20180511_151707_101e,TRUE,,,TRUE,,
,,5/11/2018,TRUE,TRUE,20180511_151708_101e,20180511_151708_101e,,get,regular,TRUE,,
,,5/11/2018,TRUE,TRUE,20180511_151704_101e,20180511_151704_101e,,,,TRUE,very top of aoi ,
,,5/11/2018,TRUE,TRUE,20180511_151556_1012,20180511_151556_1012,,get,regular,TRUE,,
,,5/11/2018,TRUE,TRUE,20180511_151555_1012,20180511_151555_1012,,get,regular,TRUE,,
,,5/11/2018,TRUE,TRUE,20180511_151554_1012,20180511_151554_1012,,,,TRUE,visible clouds,
,,5/12/2018,TRUE,TRUE,20180512_151744_103a,20180512_151744_103a,,,,TRUE,visible clouds,
,,5/12/2018,TRUE,TRUE,20180512_151743_103a,20180512_151743_103a,,get,low,TRUE,maybe a shadow,
,,5/14/2018,TRUE,FALSE,,,,,,,,
,,5/15/2018,TRUE,TRUE,20180515_151752_101d,20180515_151752_101d,TRUE,,,TRUE,contrail cloud,
,,5/15/2018,TRUE,TRUE,20180515_151753_101d,20180515_151753_101d,TRUE,,,TRUE,contrail cloud,
,,5/15/2018,TRUE,TRUE,20180515_151754_101d,20180515_151754_101d,TRUE,,,TRUE,contrail cloud,
,,5/15/2018,TRUE,TRUE,20180515_151616_1015,20180515_151616_1015,,get,regular,TRUE,,
,,5/15/2018,TRUE,TRUE,20180515_151615_1015,20180515_151615_1015,,get,regular,TRUE,,
,,5/15/2018,TRUE,TRUE,20180515_151613_1015,20180515_151613_1015,,get,regular,TRUE,,
,,5/20/2018,TRUE,FALSE,,,,,,,,
,,5/21/2018,TRUE,TRUE,20180521_151633_0f28,20180521_151633_0f28,TRUE,,,TRUE,,
,,5/21/2018,TRUE,TRUE,20180521_151634_0f28,20180521_151634_0f28,TRUE,,,TRUE,,
,,5/21/2018,TRUE,TRUE,20180521_151752_0e16,20180521_151752_0e16,TRUE,,,TRUE,,
,,5/21/2018,TRUE,TRUE,20180521_151753_0e16,20180521_151753_0e16,TRUE,,,TRUE,,
,,5/21/2018,TRUE,TRUE,20180521_183001_0f06,20180521_183001_0f06,,,,TRUE,visible clouds,
,,5/21/2018,TRUE,TRUE,20180521_183000_0f06,20180521_183000_0f06,,,,TRUE,visible clouds,
,,5/21/2018,TRUE,TRUE,20180521_151754_0e16,20180521_151754_0e16,,get,regular,TRUE,,
,,5/21/2018,TRUE,TRUE,20180521_151751_0e16,20180521_151751_0e16,,get,regular,TRUE,,
,,5/21/2018,TRUE,TRUE,20180521_151635_0f28,20180521_151635_0f28,,get,regular,TRUE,,
,,5/23/2018,TRUE,TRUE,,,,,,,,
,,5/24/2018,TRUE,TRUE,20180524_151647_1042,20180524_151647_1042,TRUE,,,TRUE,,
,,5/24/2018,TRUE,TRUE,20180524_151648_1042,20180524_151648_1042,TRUE,,,TRUE,,
,,5/24/2018,TRUE,TRUE,20180524_151649_1042,20180524_151649_1042,TRUE,,,TRUE,,
,,5/24/2018,TRUE,TRUE,20180524_151755_1027,20180524_151755_1027,TRUE,,,TRUE,,
,,5/24/2018,TRUE,TRUE,20180524_151756_1027,20180524_151756_1027,TRUE,,,TRUE,,
,,5/24/2018,TRUE,TRUE,20180524_151757_1027,20180524_151757_1027,TRUE,,,TRUE,,
,,5/24/2018,TRUE,TRUE,20180524_151758_1027,20180524_151758_1027,,,,TRUE,very bottom of aoi,
,,5/24/2018,TRUE,TRUE,20180524_151754_1027,20180524_151754_1027,,,,TRUE,very top of aoi,
,,5/24/2018,TRUE,TRUE,20180524_151650_1042,20180524_151650_1042,,get,regular,TRUE,,
,,5/24/2018,TRUE,TRUE,20180524_151646_1042,20180524_151646_1042,,get,regular,TRUE,,
,,5/25/2018,TRUE,TRUE,20180525_151706_101b,20180525_151706_101b,TRUE,,,TRUE,,
,,5/25/2018,TRUE,TRUE,20180525_151707_101b,20180525_151707_101b,TRUE,,,TRUE,,
,,5/25/2018,TRUE,TRUE,20180525_151708_101b,20180525_151708_101b,TRUE,,,TRUE,,
,,5/25/2018,TRUE,TRUE,20180525_151705_101b,20180525_151705_101b,,get,regular,TRUE,,
,,5/25/2018,TRUE,TRUE,20180525_151902_0f43,20180525_151902_0f43,,get,regular,TRUE,,
,,5/25/2018,TRUE,TRUE,20180525_151901_0f43,20180525_151901_0f43,,get,regular,TRUE,,
,,5/25/2018,TRUE,TRUE,20180525_151859_0f43,20180525_151859_0f43,,get,regular,TRUE,,
,,5/25/2018,TRUE,TRUE,20180525_152158_0f29,20180525_152158_0f29,,get,regular,TRUE,,
,,5/25/2018,TRUE,TRUE,20180525_152157_0f29,20180525_152157_0f29,,,,TRUE,very tiny part of left of aoi,
,,5/26/2018,TRUE,TRUE,20180526_151652_1035,20180526_151652_1035,TRUE,,,TRUE,,
,,5/26/2018,TRUE,TRUE,20180526_151653_1035,20180526_151653_1035,TRUE,,,TRUE,,
,,5/26/2018,TRUE,TRUE,20180526_151654_1035,20180526_151654_1035,TRUE,,,TRUE,,
,,5/26/2018,TRUE,TRUE,20180526_151656_1035,20180526_151656_1035,,get,regular,TRUE,,
,,5/26/2018,TRUE,TRUE,20180526_151651_1035,20180526_151651_1035,,get,regular,TRUE,,
,,5/27/2018,TRUE,FALSE,,,,,,,,
,,5/30/2018,TRUE,FALSE,,,,,,,,
2018,June,6/2/2018,TRUE,FALSE,,,,,,,,
,,6/4/2018,TRUE,FALSE,,,,,,,,
,,6/5/2018,TRUE,TRUE,20180605_151846_1050,20180605_151846_1050,,,,TRUE,looks cloudy very small part of aoi,
,,6/6/2018,TRUE,FALSE,,,,,,,,
,,6/7/2018,TRUE,FALSE,,,,,,,,
,,6/8/2018,TRUE,FALSE,,,,,,,,
,,6/9/2018,TRUE,FALSE,,,,,,,,
,,6/10/2018,TRUE,FALSE,,,,,,,,
,,6/12/2018,TRUE,TRUE,20180612_151803_1014,20180612_151803_1014,TRUE,,,TRUE,,
,,6/12/2018,TRUE,TRUE,20180612_151804_1014,20180612_151804_1014,TRUE,,,TRUE,,
,,6/12/2018,TRUE,TRUE,20180612_151805_1014,20180612_151805_1014,TRUE,,,TRUE,,
,,6/12/2018,TRUE,TRUE,20180612_151806_1014,20180612_151806_1014,TRUE,,,TRUE,,
,,6/12/2018,TRUE,TRUE,20180612_151844_0f44,20180612_151844_0f44,TRUE,,,TRUE,,
,,6/12/2018,TRUE,TRUE,20180612_151845_0f44,20180612_151845_0f44,TRUE,,,TRUE,,
,,6/12/2018,TRUE,TRUE,20180612_151846_0f44,20180612_151846_0f44,TRUE,,,TRUE,,
,,6/12/2018,TRUE,TRUE,20180612_151847_0f44,20180612_151847_0f44,TRUE,,,TRUE,,
,,6/12/2018,TRUE,TRUE,20180612_151843_0f44,20180612_151843_0f44,TRUE,,,TRUE,,
,,6/13/2018,TRUE,FALSE,,,,,,,,
,,6/14/2018,TRUE,TRUE,20180614_151820_103f,20180614_151820_103f,,,,TRUE,very very top of aoi,
,,6/14/2018,TRUE,TRUE,20180614_151819_103f,20180614_151819_103f,,,,TRUE,visible wispy clouds,
,,6/14/2018,TRUE,TRUE,20180614_151730_101d,20180614_151730_101d,,get,regular,TRUE,,
,,6/15/2018,TRUE,TRUE,20180615_151821_0f52,20180615_151821_0f52,TRUE,,,TRUE,,
,,6/15/2018,TRUE,TRUE,20180615_151822_0f52,20180615_151822_0f52,TRUE,,,TRUE,,
,,6/15/2018,TRUE,TRUE,20180615_151823_0f52,20180615_151823_0f52,TRUE,,,TRUE,,
,,6/15/2018,TRUE,TRUE,20180615_151933_0f25,20180615_151933_0f25,,,,TRUE,very left side of aoi,
,,6/15/2018,TRUE,TRUE,20180615_151932_0f25,20180615_151932_0f25,,,,TRUE,very left side of aoi,
,,6/15/2018,TRUE,TRUE,20180615_151931_0f25,20180615_151931_0f25,,,,TRUE,very left side of aoi,
,,6/15/2018,TRUE,TRUE,20180615_151820_0f52,20180615_151820_0f52,,get,regular,TRUE,,
,,6/15/2018,TRUE,TRUE,20180615_151824_0f52,20180615_151824_0f52,,get,regular,TRUE,,
,,6/16/2018,TRUE,TRUE,20180616_151841_0f42,20180616_151841_0f42,TRUE,,,TRUE,,
,,6/16/2018,TRUE,TRUE,20180616_151842_0f42,20180616_151842_0f42,TRUE,,,TRUE,,
,,6/16/2018,TRUE,TRUE,20180616_151843_0f42,20180616_151843_0f42,,get,regular,TRUE,,
,,6/16/2018,TRUE,TRUE,20180616_151840_0f42,20180616_151840_0f42,,get,regular,TRUE,,
,,6/16/2018,TRUE,TRUE,20180616_151839_0f42,20180616_151839_0f42,,get,regular,TRUE,,
,,6/16/2018,TRUE,TRUE,20180616_151714_104a,20180616_151714_104a,,get,regular,TRUE,,
,,6/16/2018,TRUE,TRUE,20180616_151713_104a,20180616_151713_104a,,get,regular,TRUE,,
,,6/16/2018,TRUE,TRUE,20180616_151712_104a,20180616_151712_104a,,get,regular,TRUE,,
,,6/16/2018,TRUE,TRUE,20180616_151711_104a,20180616_151711_104a,,get,regular,TRUE,,
,,6/17/2018,TRUE,TRUE,20180617_151642_100c,20180617_151642_100c,TRUE,,,,,
,,6/17/2018,TRUE,TRUE,20180617_151644_100c,20180617_151644_100c,TRUE,,,,,
,,6/17/2018,TRUE,TRUE,20180617_151645_100c,20180617_151645_100c,TRUE,,,,,
,,6/17/2018,TRUE,TRUE,20180617_151646_100c,20180617_151646_100c,TRUE,,,,,
,,6/17/2018,TRUE,TRUE,20180617_151815_1021,20180617_151815_1021,,get,regular,TRUE,,
,,6/17/2018,TRUE,TRUE,20180617_151814_1021,20180617_151814_1021,,get,regular,TRUE,,
,,6/17/2018,TRUE,TRUE,20180617_151644_101c,20180617_151644_101c,,get,regular,TRUE,,
,,6/17/2018,TRUE,TRUE,20180617_151643_101c,20180617_151643_101c,,get,regular,TRUE,,
,,6/17/2018,TRUE,TRUE,20180617_151642_101c,20180617_151642_101c,,get,regular,TRUE,,
,,6/17/2018,TRUE,TRUE,20180617_151641_101c,20180617_151641_101c,,get,regular,TRUE,,
,,6/18/2018,TRUE,TRUE,20180618_151350_1024,20180618_151350_1024,TRUE,,,TRUE,visible clouds,
,,6/18/2018,TRUE,TRUE,20180618_151351_1024,20180618_151351_1024,TRUE,,,TRUE,visible clouds,
,,6/18/2018,TRUE,TRUE,20180618_151353_1024,20180618_151353_1024,TRUE,,,TRUE,,
,,6/18/2018,TRUE,TRUE,20180618_151707_1039,20180618_151707_1039,,get,regular,TRUE,,
,,6/18/2018,TRUE,TRUE,20180618_151705_1039,20180618_151705_1039,,get,regular,TRUE,,
,,6/18/2018,TRUE,TRUE,20180618_151704_1039,20180618_151704_1039,,get,regular,TRUE,,
,,6/18/2018,TRUE,TRUE,20180618_151354_1024,20180618_151354_1024,,get,regular,TRUE,,
,,6/19/2018,TRUE,FALSE,,,,,,,,
,,6/20/2018,TRUE,FALSE,,,,,,,,
,,6/21/2018,TRUE,FALSE,,,,,,,,
,,6/24/2018,TRUE,FALSE,,,,,,,,
,,6/25/2018,TRUE,TRUE,20180625_151637_0f2b,20180625_151637_0f2b,TRUE,,,TRUE,,
,,6/25/2018,TRUE,TRUE,20180625_151638_0f2b,20180625_151638_0f2b,TRUE,,,TRUE,,
,,6/25/2018,TRUE,TRUE,20180625_151639_0f2b,20180625_151639_0f2b,TRUE,,,TRUE,,
,,6/25/2018,TRUE,TRUE,20180625_151640_0f2b,20180625_151640_0f2b,TRUE,,,TRUE,,
,,6/25/2018,TRUE,TRUE,20180625_151825_1008,20180625_151825_1008,TRUE,,,TRUE,,
,,6/25/2018,TRUE,TRUE,20180625_151826_1008,20180625_151826_1008,TRUE,,,TRUE,,
,,6/25/2018,TRUE,TRUE,20180625_151827_1008,20180625_151827_1008,TRUE,,,TRUE,,
,,6/25/2018,TRUE,TRUE,20180625_151828_1008,20180625_151828_1008,,get,regular,TRUE,,
,,6/25/2018,TRUE,TRUE,20180625_1518274_1008,20180625_1518274_100,,get,regular,TRUE,,
,,6/25/2018,TRUE,TRUE,20180625_151706_0f22,20180625_151706_0f22,,,,TRUE,tiniest bit of aoi,
,,6/26/2018,TRUE,FALSE,,,,,,,,
,,6/28/2018,TRUE,FALSE,,,,,,,,
,,6/29/2018,TRUE,TRUE,20180629_151823_0f12,20180629_151823_0f12,,,,TRUE,wispy clouds,
,,6/29/2018,TRUE,TRUE,20180629_151822_0f12,20180629_151822_0f12,,,,TRUE,wispy clouds,
,,6/29/2018,TRUE,TRUE,20180629_151706_0f33,20180629_151706_0f33,,,,TRUE,wispy clouds,
,,6/30/2018,TRUE,TRUE,20180630_151514_104a,20180630_151514_104a,TRUE,,,TRUE,,
,,6/30/2018,TRUE,TRUE,20180630_151515_104a,20180630_151515_104a,TRUE,,,TRUE,,
,,6/30/2018,TRUE,TRUE,20180630_151737_1003,20180630_151737_1003,TRUE,,,TRUE,,
,,6/30/2018,TRUE,TRUE,20180630_151738_1003,20180630_151738_1003,TRUE,,,TRUE,,
,,6/30/2018,TRUE,TRUE,20180630_151739_1003,20180630_151739_1003,TRUE,,,TRUE,,
,,6/30/2018,TRUE,TRUE,20180630_151858_1001,20180630_151858_1001,TRUE,,,TRUE,,
,,6/30/2018,TRUE,TRUE,20180630_151513_104a,20180630_151513_104a,,get,regular,TRUE,,
,,6/30/2018,TRUE,TRUE,20180630_151516_104a,20180630_151516_104a,,get,regular,TRUE,,
,,6/30/2018,TRUE,TRUE,20180630_151736_1003,20180630_151736_1003,,get,regular,TRUE,,
,,6/30/2018,TRUE,TRUE,20180630_151857_1001,20180630_151857_1001,,get,regular,TRUE,,
,,6/30/2018,TRUE,TRUE,20180630_151859_1001,20180630_151859_1001,,get,regular,TRUE,,
2018,July,7/1/2018,TRUE,TRUE,20180701_151509_101c,20180701_151509_101c,TRUE,,,,,
,,7/1/2018,TRUE,TRUE,20180701_151832_0f4e,20180701_151832_0f4e,TRUE,,,TRUE,wispy looking clouds,
,,7/1/2018,TRUE,TRUE,20180701_151901_101d,20180701_151901_101d,TRUE,,,TRUE,,
,,7/1/2018,TRUE,TRUE,20180701_151902_101d,20180701_151902_101d,TRUE,,,TRUE,wispy looking clouds,
,,7/1/2018,TRUE,TRUE,20180701_151903_101d,20180701_151903_101d,TRUE,,,TRUE,wispy looking clouds,
,,7/1/2018,TRUE,TRUE,20180701_151904_101d,20180701_151904_101d,TRUE,,,TRUE,,
,,7/1/2018,TRUE,TRUE,20180701_151905_101d,20180701_151905_101d,,,,TRUE,very small bit of bottom of aoi,
,,7/1/2018,TRUE,TRUE,20180701_151828_0f4e,20180701_151828_0f4e,,,,TRUE,very small bit at top of aoi,
,,7/1/2018,TRUE,TRUE,20180701_151833_0f4e,20180701_151833_0f4e,,,,TRUE,,
,,7/1/2018,TRUE,TRUE,20180701_151506_101c,20180701_151506_101c,TRUE,,,TRUE,,
,,7/1/2018,TRUE,TRUE,20180701_151510_101c,20180701_151510_101c,,get,regular,TRUE,,
,,7/2/2018,TRUE,FALSE,,,,,,,,
,,7/3/2018,TRUE,FALSE,,,,,,,,
,,7/4/2018,TRUE,TRUE,,,,,,,,
,,7/5/2018,TRUE,FALSE,,,,,,,,
,,7/7/2018,TRUE,FALSE,,,,,,,,
,,7/8/2018,TRUE,TRUE,20180708_151405_104e,20180708_151405_104e,TRUE,,,TRUE,,
,,7/8/2018,TRUE,TRUE,20180708_151406_104e,20180708_151406_104e,TRUE,,,TRUE,,
,,7/8/2018,TRUE,TRUE,20180708_151407_104e,20180708_151407_104e,TRUE,,,TRUE,,
,,7/8/2018,TRUE,TRUE,20180708_151408_104e,20180708_151408_104e,TRUE,,,TRUE,,
,,7/8/2018,TRUE,TRUE,20180708_151944_1010,20180708_151944_1010,TRUE,,,TRUE,,
,,7/8/2018,TRUE,TRUE,20180708_151945_1010,20180708_151945_1010,TRUE,,,TRUE,,
,,7/8/2018,TRUE,TRUE,20180708_151943_1010,20180708_151943_1010,,get,regular,TRUE,,
,,7/9/2018,TRUE,TRUE,20180709_151405_0f2b,20180709_151405_0f2b,TRUE,,,TRUE,,
,,7/9/2018,TRUE,TRUE,20180709_151406_0f2b,20180709_151406_0f2b,TRUE,,,TRUE,,
,,7/9/2018,TRUE,TRUE,20180709_151407_0f2b,20180709_151407_0f2b,TRUE,,,TRUE,,
,,7/9/2018,TRUE,TRUE,20180709_151408_0f2b,20180709_151408_0f2b,TRUE,,,TRUE,,
,,7/9/2018,TRUE,TRUE,20180709_151736_1025,20180709_151736_1025,TRUE,,,TRUE,,
,,7/9/2018,TRUE,TRUE,20180709_151737_1025,20180709_151737_1025,TRUE,,,TRUE,,
,,7/9/2018,TRUE,TRUE,20180709_151739_1025,20180709_151739_1025,TRUE,,,TRUE,,
,,7/9/2018,TRUE,TRUE,20180709_151943_1005,20180709_151943_1005,TRUE,,,TRUE,,
,,7/9/2018,TRUE,TRUE,20180709_151944_1005,20180709_151944_1005,TRUE,,,TRUE,,
,,7/9/2018,TRUE,TRUE,20180709_151945_1005,20180709_151945_1005,,get,regular,TRUE,,
,,7/9/2018,TRUE,TRUE,20180709_151942_1005,20180709_151942_1005,,,,TRUE,very small bit of top of aoi,
,,7/9/2018,TRUE,TRUE,20180709_151735_1025,20180709_151735_1025,,get,regular,TRUE,,
,,7/9/2018,TRUE,TRUE,20180709_151740_1025,20180709_151740_1025,,,,TRUE,very bottom of aoi,
,,7/9/2018,TRUE,TRUE,20180709_151404_0f2b,20180709_151404_0f2b,,get,regular,TRUE,,
,,7/10/2018,TRUE,TRUE,20180710_151945_1034,20180710_151945_1034,TRUE,,,TRUE,visible clouds,
,,7/10/2018,TRUE,TRUE,20180710_151946_1034,20180710_151946_1034,TRUE,,,TRUE,,
,,7/10/2018,TRUE,TRUE,20180710_151944_1034,20180710_151944_1034,,get,regular,TRUE,,
,,7/10/2018,TRUE,TRUE,20180710_151947_1034,20180710_151947_1034,,get,regular,TRUE,,
,,7/10/2018,TRUE,TRUE,20180710_151812_1038,20180710_151812_1038,,get,regular,TRUE,,
,,7/10/2018,TRUE,TRUE,20180710_151811_1038,20180710_151811_1038,,get,regular,TRUE,,
,,7/10/2018,TRUE,TRUE,20180710_151810_1038,20180710_151810_1038,,get,regular,TRUE,,
,,7/10/2018,TRUE,TRUE,20180710_151809_1038,20180710_151809_1038,,get,regular,TRUE,,
,,7/11/2018,TRUE,TRUE,,,,,,,,
,,7/12/2018,TRUE,FALSE,,,,,,,,
,,7/13/2018,TRUE,TRUE,20180713_151341_0f33,20180713_151341_0f33,TRUE,,,TRUE,,
,,7/13/2018,TRUE,TRUE,20180713_151342_0f33,20180713_151342_0f33,TRUE,,,TRUE,wispy clouds,
,,7/13/2018,TRUE,TRUE,20180713_151343_0f33,20180713_151343_0f33,TRUE,,,TRUE,wispy clouds,
,,7/13/2018,TRUE,TRUE,20180713_151806_102c,20180713_151806_102c,TRUE,,,TRUE,,
,,7/13/2018,TRUE,TRUE,20180713_151807_102c,20180713_151807_102c,TRUE,,,TRUE,wispy clouds,
,,7/13/2018,TRUE,TRUE,20180713_151808_102c,20180713_151808_102c,TRUE,,,TRUE,wispy clouds,
,,7/13/2018,TRUE,TRUE,20180713_151805_102c,20180713_151805_102c,,,,TRUE,very tiny bit at top of aoi,
,,7/13/2018,TRUE,TRUE,20180713_151809_102c,20180713_151809_102c,,get,regular,TRUE,,
,,7/13/2018,TRUE,TRUE,20180713_151344_0f33,20180713_151344_0f33,,,,TRUE,very top of aoi,
,,7/13/2018,TRUE,TRUE,20180713_151340_0f33,20180713_151340_0f33,,get,regular,TRUE,,
,,7/14/2018,TRUE,TRUE,20180714_151446_1051,20180714_151446_1051,TRUE,,,TRUE,,
,,7/14/2018,TRUE,TRUE,20180714_151445_1051,20180714_151445_1051,,get,regular,TRUE,,
,,7/14/2018,TRUE,TRUE,20180714_151447_1051,20180714_151447_1051,TRUE,,,,,
,,7/14/2018,TRUE,TRUE,20180714_151825_101e,20180714_151825_101e,TRUE,,,TRUE,,
,,7/14/2018,TRUE,TRUE,20180714_151826_101e,20180714_151826_101e,TRUE,,,TRUE,,
,,7/14/2018,TRUE,TRUE,20180714_151957_1011,20180714_151957_1011,TRUE,,,TRUE,,
,,7/14/2018,TRUE,TRUE,20180714_151955_1011,20180714_151955_1011,,,,TRUE,,
,,7/14/2018,TRUE,TRUE,20180714_151956_1011,20180714_151956_1011,,,,TRUE,,
,,7/14/2018,TRUE,TRUE,20180714_151958_1011,20180714_151958_1011,,,,TRUE,teeny bit on left side of aoi,
,,7/14/2018,TRUE,TRUE,20180714_151823_101e,20180714_151823_101e,,,,TRUE,tiny bit at top of aoi,
,,7/14/2018,TRUE,TRUE,20180714_151824_101e,20180714_151824_101e,,get,regular,TRUE,,
,,7/14/2018,TRUE,TRUE,20180714_151827_101e,20180714_151827_101e,,get,regular,TRUE,,
,,7/15/2018,TRUE,FALSE,,,,,,,,
,,7/16/2018,TRUE,TRUE,,,,,,,,
,,7/17/2018,TRUE,TRUE,20180717_151302_1050,20180717_151302_1050,,,,TRUE,wispy clouds,
,,7/17/2018,TRUE,TRUE,20180717_151301_1050,20180717_151301_1050,,get,regular,TRUE,,
,,7/18/2018,TRUE,TRUE,20180718_151943_101d,20180718_151943_101d,TRUE,,,TRUE,,
,,7/18/2018,TRUE,TRUE,20180718_151944_101d,20180718_151944_101d,TRUE,,,TRUE,,
,,7/18/2018,TRUE,TRUE,20180718_151856_0f4e,20180718_151856_0f4e,,,,TRUE,very small bit on right side of aoi,
,,7/18/2018,TRUE,TRUE,20180718_151942_101d,20180718_151942_101d,,get,regular,TRUE,,
,,7/18/2018,TRUE,TRUE,20180718_151945_101d,20180718_151945_101d,,get,regular,TRUE,,
,,7/19/2018,TRUE,TRUE,20180719_152010_0f52,20180719_152010_0f52,TRUE,,,TRUE,,
,,7/19/2018,TRUE,TRUE,20180719_152012_0f52,20180719_152012_0f52,TRUE,,,TRUE,,
,,7/19/2018,TRUE,TRUE,20180719_152013_0f52,20180719_152013_0f52,TRUE,,,TRUE,,
,,7/19/2018,TRUE,TRUE,20180719_152011_0f52,20180719_152011_0f52,,get,regular,TRUE,,
,,7/19/2018,TRUE,TRUE,20180719_151649_0e3a,20180719_151649_0e3a,,get,regular,TRUE,,
,,7/19/2018,TRUE,TRUE,20180719_151648_0e3a,20180719_151648_0e3a,,get,regular,TRUE,,
,,7/19/2018,TRUE,TRUE,20180719_151647_0e3a,20180719_151647_0e3a,TRUE,,,TRUE,,
,,7/20/2018,TRUE,FALSE,,,,,,,,
,,7/22/2018,TRUE,FALSE,,,,,,,,
,,7/23/2018,TRUE,FALSE,,,,,,,,
,,7/24/2018,TRUE,FALSE,,,,,,,,
,,7/26/2018,TRUE,FALSE,,,,,,,,
,,7/27/2018,TRUE,TRUE,,,,,,,,
,,7/28/2018,TRUE,TRUE,,,,,,,,
,,7/29/2018,TRUE,FALSE,,,,,,,,
,,7/31/2018,TRUE,FALSE,,,,,,,,
2018,August,8/1/2018,TRUE,FALSE,,,,,,,,
,,8/2/2018,TRUE,FALSE,,,,,,,,
,,8/3/2018,TRUE,FALSE,,,,,,,,
,,8/4/2018,TRUE,FALSE,,,,,,,,
,,8/5/2018,TRUE,TRUE,20180805_151055_1049,20180805_151055_1049,TRUE,,,,,
,,8/5/2018,TRUE,TRUE,20180805_152122_0f25,20180805_152122_0f25,,,,TRUE,tiniest bit of left side,
,,8/5/2018,TRUE,TRUE,20180805_151054_1049,20180805_151054_1049,,,,TRUE,visible clouds,
,,8/5/2018,TRUE,TRUE,20180805_151053_1049,20180805_151053_1049,,get,regular,TRUE,,
,,8/6/2018,TRUE,FALSE,,,,,,,,
,,8/7/2018,TRUE,FALSE,,,,,,,,
,,8/8/2018,TRUE,TRUE,20180808_151630_0e19,20180808_151630_0e19,,,,TRUE,very very bottom of aoi,
,,8/8/2018,TRUE,TRUE,20180808_151628_0e19,20180808_151628_0e19,,,,TRUE,visible clouds,
,,8/8/2018,TRUE,TRUE,20180808_151110_104a,20180808_151110_104a,,get,low,TRUE,very small part on left side of aoi,
,,8/8/2018,TRUE,TRUE,20180808_151109_104a,20180808_151109_104a,,get,low,TRUE,very small part on left side of aoi,
,,8/8/2018,TRUE,TRUE,20180808_151108_104a,20180808_151108_104a,,get,low,TRUE,very small part on left side of aoi,
,,8/9/2018,TRUE,TRUE,20180809_151940_1006,20180809_151940_1006,TRUE,,,TRUE,,
,,8/9/2018,TRUE,TRUE,20180809_151941_1006,20180809_151941_1006,TRUE,,,TRUE,visible clouds,
,,8/9/2018,TRUE,TRUE,20180809_152042_1013,20180809_152042_1013,TRUE,,,TRUE,,
,,8/9/2018,TRUE,TRUE,20180809_152043_1013,20180809_152043_1013,TRUE,,,TRUE,,
,,8/9/2018,TRUE,TRUE,20180809_152041_1013,20180809_152041_1013,,get,regular,TRUE,,
,,8/9/2018,TRUE,TRUE,20180809_152045_1013,20180809_152045_1013,,,,TRUE,small part at bottom of aoi,
,,8/9/2018,TRUE,TRUE,20180809_151939_1006,20180809_151939_1006,,get,regular,TRUE,,
,,8/9/2018,TRUE,TRUE,20180809_151942_1006,20180809_151942_1006,,,,TRUE,visible clouds,
,,8/10/2018,TRUE,TRUE,20180810_152028_0f51,20180810_152028_0f51,TRUE,,,TRUE,,
,,8/10/2018,TRUE,TRUE,20180810_152029_0f51,20180810_152029_0f51,TRUE,,,TRUE,,
,,8/10/2018,TRUE,TRUE,20180810_152030_0f51,20180810_152030_0f51,TRUE,,,TRUE,,
,,8/10/2018,TRUE,TRUE,20180810_152027_0f51,20180810_152027_0f51,,get,regular,TRUE,,
,,8/10/2018,TRUE,TRUE,20180810_152032_0f51,20180810_152032_0f51,,get,regular,TRUE,,
,,8/11/2018,TRUE,FALSE,,,,,,,,
,,8/12/2018,TRUE,FALSE,,,,,,,,
,,8/13/2018,TRUE,FALSE,,,,,,,,
,,8/14/2018,TRUE,FALSE,,,,,,,,
,,8/15/2018,TRUE,TRUE,20180815_152029_1018,20180815_152029_1018,TRUE,,,TRUE,,
,,8/15/2018,TRUE,TRUE,20180815_152030_1018,20180815_152030_1018,TRUE,,,TRUE,,
,,8/15/2018,TRUE,TRUE,20180815_152031_1018,20180815_152031_1018,TRUE,,,TRUE,,
,,8/15/2018,TRUE,TRUE,20180815_152032_1018,20180815_152032_1018,TRUE,,,TRUE,,
,,8/15/2018,TRUE,TRUE,20180815_152028_1018,20180815_152028_1018,,,,TRUE,very tippy top of aoi,
,,8/15/2018,TRUE,TRUE,20180815_151916_1008,20180815_151916_1008,,get,regular,TRUE,,
,,8/15/2018,TRUE,TRUE,20180815_151915_1008,20180815_151915_1008,,get,regular,TRUE,,
,,8/16/2018,TRUE,FALSE,,,,,,,,
,,8/17/2018,TRUE,TRUE,,,,,,,,
,,8/18/2018,TRUE,FALSE,,,,,,,,
,,8/19/2018,TRUE,FALSE,,,,,,,,
,,8/20/2018,TRUE,FALSE,,,,,,,,
,,8/21/2018,TRUE,FALSE,,,,,,,,
,,8/22/2018,TRUE,FALSE,,,,,,,,
,,8/23/2018,TRUE,TRUE,20180823_150805_1043,20180823_150805_1043,TRUE,,,TRUE,,
,,8/23/2018,TRUE,TRUE,20180823_182748_0f02,20180823_182748_0f02,,,,TRUE,visible clouds,
,,8/23/2018,TRUE,TRUE,20180823_182747_0f02,20180823_182747_0f02,,,,TRUE,,
,,8/23/2018,TRUE,TRUE,20180823_182746_0f02,20180823_182746_0f02,,,,TRUE,visible clouds,
,,8/23/2018,TRUE,TRUE,20180823_182745_0f02,20180823_182745_0f02,,,,TRUE,visible clouds,
,,8/23/2018,TRUE,TRUE,20180823_150806_1043,20180823_150806_1043,,,,TRUE,visible clouds,
,,8/23/2018,TRUE,TRUE,20180823_150804_1043,20180823_150804_1043,,get,regular,TRUE,,
,,8/24/2018,TRUE,TRUE,20180824_152022_0f35,20180824_152022_0f35,TRUE,,,TRUE,visible clouds,
,,8/24/2018,TRUE,TRUE,20180824_152023_0f35,20180824_152023_0f35,,get,regular,TRUE,,
,,8/24/2018,TRUE,TRUE,20180824_152021_0f35,20180824_152021_0f35,,get,regular,TRUE,,
,,8/24/2018,TRUE,TRUE,20180824_152020_0f35,20180824_152020_0f35,,get,regular,TRUE,,
,,8/24/2018,TRUE,TRUE,20180824_151859_1021,20180824_151859_1021,,,,TRUE,test quality,
,,8/24/2018,TRUE,TRUE,20180824_151858_1021,20180824_151858_1021,,,,TRUE,test quality,
,,8/25/2018,TRUE,FALSE,,,,,,,,
,,8/26/2018,TRUE,TRUE,20180826_152111_1004,20180826_152111_1004,TRUE,,,TRUE,,
,,8/26/2018,TRUE,TRUE,20180826_152112_1004,20180826_152112_1004,,get,regular,TRUE,,
,,8/26/2018,TRUE,TRUE,20180826_152110_1004,20180826_152110_1004,,get,regular,TRUE,,
,,8/26/2018,TRUE,TRUE,20180826_152108_1004,20180826_152108_1004,,get,regular,TRUE,,
,,8/26/2018,TRUE,TRUE,20180826_151946_1013,20180826_151946_1013,,get,regular,TRUE,,
,,8/26/2018,TRUE,TRUE,20180826_151942_1013,20180826_151942_1013,,,,TRUE,"very small part of right side of aoi, maybe visible clouds",
,,8/26/2018,TRUE,TRUE,20180826_150840_1_0f36,20180826_150840_1_0f,,get,regular,TRUE,,
,,8/26/2018,TRUE,TRUE,20180826_150839_0f36,20180826_150839_0f36,,,,TRUE,visible clouds,
,,8/26/2018,TRUE,TRUE,20180826_150838_0f36,20180826_150838_0f36,,,,TRUE,visible clouds,
,,8/26/2018,TRUE,TRUE,20180826_150836_0f36,20180826_150836_0f36,,get,regular,TRUE,,
,,8/27/2018,TRUE,TRUE,20180827_152049_0f31,20180827_152049_0f31,,,,TRUE,visible clouds,
,,8/27/2018,TRUE,TRUE,20180827_152048_0f31,20180827_152048_0f31,,,,TRUE,,
,,8/27/2018,TRUE,TRUE,20180827_150659_104d,20180827_150659_104d,,,,TRUE,very top of aoi,
,,8/27/2018,TRUE,TRUE,20180827_150656_104d,20180827_150656_104d,,get,low,TRUE,looks a little hazy,
,,8/27/2018,TRUE,TRUE,20180827_150655_104d,20180827_150655_104d,,get,low,TRUE,looks a little hazy,
,,8/28/2018,TRUE,TRUE,20180828_152007_1009,20180828_152007_1009,TRUE,,,TRUE,,
,,8/28/2018,TRUE,TRUE,20180828_152008_1009,20180828_152008_1009,TRUE,,,TRUE,,
,,8/28/2018,TRUE,TRUE,20180828_152009_1009,20180828_152009_1009,TRUE,,,TRUE,,
,,8/28/2018,TRUE,TRUE,20180828_152006_1009,20180828_152006_1009,,get,regular,TRUE,,
,,8/28/2018,TRUE,TRUE,20180828_152010_1009,20180828_152010_1009,,get,regular,TRUE,,
,,8/28/2018,TRUE,TRUE,20180828_150608_0f2d,20180828_150608_0f2d,,,,TRUE,very very left side of aoi,
,,8/28/2018,TRUE,TRUE,20180828_150607_0f2d,20180828_150607_0f2d,,,,TRUE,very very left side of aoi,
,,8/29/2018,TRUE,TRUE,20180829_150812_0f44,20180829_150812_0f44,TRUE,,,TRUE,visible cloud,
,,8/29/2018,TRUE,TRUE,20180829_152102_103e,20180829_152102_103e,,get,regular,TRUE,,
,,8/29/2018,TRUE,TRUE,20180829_152101_103e,20180829_152101_103e,,,,TRUE,visible cloud,
,,8/29/2018,TRUE,TRUE,20180829_152100_103e,20180829_152100_103e,,get,regular,TRUE,,
,,8/29/2018,TRUE,TRUE,20180829_152059_103e,20180829_152059_103e,,,,TRUE,very tiny part at top of aoi,
,,8/29/2018,TRUE,TRUE,20180829_151911_1024,20180829_151911_1024,,,,TRUE,visible clouds,
,,8/29/2018,TRUE,TRUE,20180829_151912_1024,20180829_151912_1024,,,,TRUE,visible clouds,
,,8/29/2018,TRUE,TRUE,20180829_151913_1024,20180829_151913_1024,,,,TRUE,visible clouds,
,,8/29/2018,TRUE,TRUE,20180829_151914_1024,20180829_151914_1024,,,,TRUE,visible clouds,
,,8/29/2018,TRUE,TRUE,20180829_151915_1024,20180829_151915_1024,,,,TRUE,visible clouds,
,,8/29/2018,TRUE,TRUE,20180829_150813_0f44,20180829_150813_0f44,,get,regular,TRUE,,
,,8/29/2018,TRUE,TRUE,20180829_150810_0f44,20180829_150810_0f44,,get,regular,TRUE,,
,,8/30/2018,TRUE,TRUE,20180830_152038_102e,20180830_152038_102e,TRUE,,,TRUE,,
,,8/30/2018,TRUE,TRUE,20180830_152039_102e,20180830_152039_102e,TRUE,,,TRUE,visible clouds,
,,8/30/2018,TRUE,TRUE,20180830_152040_102e,20180830_152040_102e,TRUE,,,,,
,,8/30/2018,TRUE,TRUE,20180830_152041_102e,20180830_152041_102e,TRUE,,,TRUE,,
,,8/30/2018,TRUE,TRUE,20180830_150703_1049,20180830_150703_1049,,get,regular,TRUE,,
,,8/30/2018,TRUE,TRUE,20180830_150702_1049,20180830_150702_1049,,get,regular,TRUE,,
,,8/30/2018,TRUE,TRUE,20180830_150701_1049,20180830_150701_1049,,,,TRUE,visible cloud,
,,8/30/2018,TRUE,TRUE,20180830_150700_1049,20180830_150700_1049,,,,TRUE,visible cloud,
,,8/31/2018,TRUE,FALSE,,,,,,,,
2018,September,9/1/2018,TRUE,FALSE,,,,,,,,
,,9/2/2018,TRUE,FALSE,,,,,,,,
,,9/3/2018,TRUE,FALSE,,,,,,,,
,,9/4/2018,TRUE,TRUE,20180904_152222_0f43,20180904_152222_0f43,TRUE,,,TRUE,visible clouds,
,,9/4/2018,TRUE,TRUE,20180904_150533_0f3d,20180904_150533_0f3d,,,,TRUE,very right side of aoi,
,,9/4/2018,TRUE,TRUE,20180904_152223_0f43,20180904_152223_0f43,,,,TRUE,visible clouds,
,,9/4/2018,TRUE,TRUE,20180904_152221_0f43,20180904_152221_0f43,TRUE,,,TRUE,,
,,9/4/2018,TRUE,TRUE,20180904_152220_0f43,20180904_152220_0f43,,get,regular,TRUE,,
,,9/5/2018,TRUE,FALSE,,,,,,,,
,,9/6/2018,TRUE,TRUE,20180906_150623_0f1a,20180906_150623_0f1a,TRUE,,,TRUE,,
,,9/6/2018,TRUE,TRUE,20180906_150624_0f1a,20180906_150624_0f1a,TRUE,,,TRUE,,
,,9/6/2018,TRUE,TRUE,20180906_150625_0f1a,20180906_150625_0f1a,TRUE,,,TRUE,,
,,9/6/2018,TRUE,TRUE,20180906_151929_1029,20180906_151929_1029,,,,TRUE,visible clouds,
,,9/6/2018,TRUE,TRUE,20180906_151928_1029,20180906_151928_1029,,,,TRUE,visible clouds,
,,9/6/2018,TRUE,TRUE,20180906_150622_0f1a,20180906_150622_0f1a,TRUE,,,TRUE,,
,,9/7/2018,TRUE,FALSE,,,,,,,,
,,9/11/2018,TRUE,FALSE,,,,,,,,
,,9/12/2018,TRUE,FALSE,,,,,,,,
,,9/15/2018,TRUE,FALSE,,,,,,,,
,,9/16/2018,TRUE,FALSE,,,,,,,,
,,9/18/2018,TRUE,FALSE,,,,,,,,
,,9/19/2018,TRUE,TRUE,20180919_150455_1053,20180919_150455_1053,TRUE,,,,,
,,9/19/2018,TRUE,TRUE,20180919_152129_1005,20180919_152129_1005,,,,TRUE,visible clouds,
,,9/19/2018,TRUE,TRUE,20180919_150452_1053,20180919_150452_1053,TRUE,,,TRUE,,
,,9/19/2018,TRUE,TRUE,20180919_150453_1053,20180919_150453_1053,TRUE,,,TRUE,,
,,9/19/2018,TRUE,TRUE,20180919_150454_1053,20180919_150454_1053,TRUE,,,TRUE,,
,,9/20/2018,TRUE,FALSE,,,,,,,,
,,9/21/2018,TRUE,FALSE,,,,,,,,
,,9/22/2018,TRUE,TRUE,,,,,,,,
,,9/25/2018,TRUE,FALSE,,,,,,,,
,,9/26/2018,TRUE,TRUE,,,,,,,,
,,9/27/2018,TRUE,FALSE,,,,,,,,
,,9/28/2018,TRUE,FALSE,,,,,,,,
,,9/29/2018,TRUE,TRUE,20180929_152310_0f34,20180929_152310_0f34,,,,TRUE,visible clouds,
,,9/30/2018,TRUE,TRUE,20180930_150141_1052,20180930_150141_1052,TRUE,,,TRUE,,
,,9/30/2018,TRUE,TRUE,20180930_150142_1052,20180930_150142_1052,TRUE,,,TRUE,,
,,9/30/2018,TRUE,TRUE,20180930_150143_1052,20180930_150143_1052,TRUE,,,TRUE,,
,,9/30/2018,TRUE,TRUE,20180930_150144_1052,20180930_150144_1052,TRUE,,,TRUE,,
,,9/30/2018,TRUE,TRUE,20180930_152156_0f42,20180930_152156_0f42,TRUE,,,TRUE,,
,,9/30/2018,TRUE,TRUE,20180930_152157_0f42,20180930_152157_0f42,TRUE,,,TRUE,,
,,9/30/2018,TRUE,TRUE,20180930_152158_0f42,20180930_152158_0f42,TRUE,,,TRUE,,
,,9/30/2018,TRUE,TRUE,20180930_152159_0f42,20180930_152159_0f42,TRUE,,,TRUE,,
2018,October,10/1/2018,TRUE,TRUE,20181001_152059_0f35,20181001_152059_0f35,TRUE,,,TRUE,,
,,10/1/2018,TRUE,TRUE,20181001_152100_0f35,20181001_152100_0f35,TRUE,,,TRUE,,
,,10/1/2018,TRUE,TRUE,20181001_152101_0f35,20181001_152101_0f35,TRUE,,,TRUE,,
,,10/1/2018,TRUE,TRUE,20181001_152103_0f35,20181001_152103_0f35,TRUE,,,TRUE,,
,,10/1/2018,TRUE,TRUE,20181001_152104_0f35,20181001_152104_0f35,TRUE,,,TRUE,,
,,10/1/2018,TRUE,TRUE,20181001_152232_101f,20181001_152232_101f,TRUE,,,,,
,,10/1/2018,TRUE,TRUE,20181001_152233_101f,20181001_152233_101f,TRUE,,,,,
,,10/2/2018,TRUE,TRUE,20181002_150233_104e,20181002_150233_104e,TRUE,,,TRUE,,
,,10/2/2018,TRUE,TRUE,20181002_150234_104e,20181002_150234_104e,TRUE,,,TRUE,,
,,10/2/2018,TRUE,TRUE,20181002_150234_1_104e,20181002_150234_1_10,TRUE,,,TRUE,,
,,10/2/2018,TRUE,TRUE,20181002_150235_104e,20181002_150235_104e,TRUE,,,TRUE,,
,,10/2/2018,TRUE,TRUE,20181002_150232_104e,20181002_150232_104e,TRUE,,,TRUE,,
,,10/2/2018,TRUE,TRUE,20181002_152116_1015,20181002_152116_1015,TRUE,,,TRUE,visible clouds,
,,10/2/2018,TRUE,TRUE,20181002_152117_1015,20181002_152117_1015,TRUE,,,TRUE,,
,,10/2/2018,TRUE,TRUE,20181002_152118_1015,20181002_152118_1015,TRUE,,,TRUE,,
,,10/2/2018,TRUE,TRUE,20181002_152329_0f4e,20181002_152329_0f4e,TRUE,,,,,
,,10/2/2018,TRUE,TRUE,20181002_152330_0f4e,20181002_152330_0f4e,TRUE,,,,,
,,10/2/2018,TRUE,TRUE,20181002_152120_1015,20181002_152120_1015,TRUE,,,TRUE,,
,,10/2/2018,TRUE,TRUE,20181002_152115_1015,20181002_152115_1015,,,,TRUE,very top of aoi,
,,10/3/2018,TRUE,FALSE,,,,,,,,
,,10/4/2018,TRUE,TRUE,20181004_152134_0f31,20181004_152134_0f31,,,,TRUE,very very right side of aoi,
,,10/4/2018,TRUE,TRUE,20181004_151912_0e2f,20181004_151912_0e2f,,,,TRUE,wispy clouds,
,,10/4/2018,TRUE,TRUE,20181004_151911_0e2f,20181004_151911_0e2f,,,,TRUE,wispy clouds,
,,10/4/2018,TRUE,TRUE,20181004_151910_0e2f,20181004_151910_0e2f,,,,TRUE,wispy clouds,
,,10/4/2018,TRUE,TRUE,20181004_151909_0e2f,20181004_151909_0e2f,,,,TRUE,wispy clouds,
,,10/4/2018,TRUE,TRUE,20181004_151908_0e2f,20181004_151908_0e2f,,,,TRUE,wispy clouds,
,,10/5/2018,TRUE,FALSE,,,,,,,,
,,10/6/2018,TRUE,FALSE,,,,,,,,
,,10/7/2018,TRUE,FALSE,,,,,,,,
,,10/8/2018,TRUE,FALSE,,,,,,,,
,,10/9/2018,TRUE,FALSE,,,,,,,,
,,10/10/2018,TRUE,FALSE,,,,,,,,
,,10/11/2018,TRUE,FALSE,,,,,,,,
,,10/12/2018,TRUE,TRUE,20181012_152219_0f43,20181012_152219_0f43,,,,TRUE,visible clouds,
,,10/12/2018,TRUE,TRUE,20181012_152220_0f43,20181012_152220_0f43,,,,TRUE,visible clouds,
,,10/12/2018,TRUE,TRUE,20181012_152222_0f43,20181012_152222_0f43,,,,TRUE,visible clouds,
,,10/12/2018,TRUE,TRUE,20181012_152223_0f43,20181012_152223_0f43,,,,TRUE,"visible clouds, tiniest bit of bottom of aoi",
,,10/13/2018,TRUE,FALSE,,,,,,,,
,,10/16/2018,TRUE,TRUE,20181016_150033_1048,20181016_150033_1048,,,,TRUE,hazy,
,,10/17/2018,TRUE,TRUE,,,,,,,,
,,10/18/2018,TRUE,FALSE,,,,,,,,
,,10/19/2018,TRUE,TRUE,20181019_145935_1051,20181019_145935_1051,TRUE,,,TRUE,,
,,10/19/2018,TRUE,TRUE,20181019_145936_1051,20181019_145936_1051,TRUE,,,TRUE,,
,,10/19/2018,TRUE,TRUE,20181019_145937_1051,20181019_145937_1051,TRUE,,,TRUE,,
,,10/19/2018,TRUE,TRUE,20181019_145938_1051,20181019_145938_1051,TRUE,,,TRUE,,
,,10/19/2018,TRUE,TRUE,20181019_152220_1012,20181019_152220_1012,TRUE,,,TRUE,,
,,10/19/2018,TRUE,TRUE,20181019_152221_1012,20181019_152221_1012,TRUE,,,TRUE,,
,,10/19/2018,TRUE,TRUE,20181019_152223_1012,20181019_152223_1012,TRUE,,,TRUE,,
,,10/19/2018,TRUE,TRUE,20181019_152224_1012,20181019_152224_1012,TRUE,,,TRUE,,
,,10/19/2018,TRUE,TRUE,20181019_152219_1012,20181019_152219_1012,TRUE,,,TRUE,,
,,10/19/2018,TRUE,TRUE,20181019_145939_1051,20181019_145939_1051,,,,TRUE,very top,
,,10/21/2018,TRUE,FALSE,,,,,,,,
,,10/22/2018,TRUE,TRUE,20181022_182409_0f02,20181022_182409_0f02,,,,TRUE,looks hazy,
,,10/22/2018,TRUE,TRUE,20181022_182407_0f02,20181022_182407_0f02,,,,TRUE,looks hazy,
,,10/22/2018,TRUE,TRUE,20181022_152211_0f35,20181022_152211_0f35,,get,regular,TRUE,,
,,10/22/2018,TRUE,TRUE,20181022_152210_0f35,20181022_152210_0f35,,get,regular,TRUE,,
,,10/22/2018,TRUE,TRUE,20181022_152209_0f35,20181022_152209_0f35,,get,regular,TRUE,,
,,10/22/2018,TRUE,TRUE,20181022_152208_0f35,20181022_152208_0f35,,get,regular,TRUE,,
,,10/22/2018,TRUE,TRUE,20181022_152207_0f35,20181022_152207_0f35,,get,regular,TRUE,,
,,10/22/2018,TRUE,TRUE,20181022_145844_1052,20181022_145844_1052,,get,regular,TRUE,,
,,10/22/2018,TRUE,TRUE,20181022_145843_1052,20181022_145843_1052,,get,regular,TRUE,,
,,10/22/2018,TRUE,TRUE,20181022_145842_1052,20181022_145842_1052,,get,regular,TRUE,,
,,10/22/2018,TRUE,TRUE,20181022_145841_1052,20181022_145841_1052,,get,regular,TRUE,,
,,10/22/2018,TRUE,TRUE,20181022_145840_1052,20181022_145840_1052,,get,regular,TRUE,,
,,10/23/2018,TRUE,TRUE,20181023_152214_1015,20181023_152214_1015,,get,regular,TRUE,,
,,10/23/2018,TRUE,TRUE,20181023_152213_1015,20181023_152213_1015,,get,regular,TRUE,,
,,10/23/2018,TRUE,TRUE,20181023_152212_1015,20181023_152212_1015,,get,regular,TRUE,,
,,10/23/2018,TRUE,TRUE,20181023_152211_1015,20181023_152211_1015,,get,regular,TRUE,,
,,10/24/2018,TRUE,FALSE,,,,,,,,
,,10/25/2018,TRUE,TRUE,20181025_152241_0f31,20181025_152241_0f31,,get,regular,TRUE,,
,,10/25/2018,TRUE,TRUE,20181025_152242_0f31,20181025_152242_0f31,,get,regular,TRUE,,
,,10/25/2018,TRUE,TRUE,20181025_152243_0f31,20181025_152243_0f31,,get,regular,TRUE,,
,,10/25/2018,TRUE,TRUE,20181025_152244_0f31,20181025_152244_0f31,,get,regular,TRUE,,
,,10/25/2018,TRUE,TRUE,20181025_152245_0f31,20181025_152245_0f31,,get,regular,TRUE,,
,,10/28/2018,TRUE,FALSE,,,,,,,,
,,10/29/2018,TRUE,FALSE,,,,,,,,
,,10/30/2018,TRUE,TRUE,20181030_152227_0f3f,20181030_152227_0f3f,,get,regular,TRUE,,
,,10/30/2018,TRUE,TRUE,20181030_152226_0f3f,20181030_152226_0f3f,,get,regular,TRUE,,
,,10/30/2018,TRUE,TRUE,20181030_152224_0f3f,20181030_152224_0f3f,,get,regular,TRUE,,
,,10/30/2018,TRUE,TRUE,20181030_152223_0f3f,20181030_152223_0f3f,,get,regular,TRUE,,
,,10/30/2018,TRUE,TRUE,20181030_151754_1105,20181030_151754_1105,,get,regular,TRUE,,
,,10/30/2018,TRUE,TRUE,20181030_151753_1105,20181030_151753_1105,,,,TRUE,visible clouds,
,,10/30/2018,TRUE,TRUE,20181030_151752_1105,20181030_151752_1105,,,,TRUE,visible clouds,
,,10/30/2018,TRUE,TRUE,20181030_151751_1105,20181030_151751_1105,,,,TRUE,visible clouds,
,,10/30/2018,TRUE,TRUE,20181030_151750_1105,20181030_151750_1105,,,,TRUE,tiny bit at top of aoi,
,,10/30/2018,TRUE,TRUE,20181030_145717_1051,20181030_145717_1051,,get,regular,TRUE,,
,,10/30/2018,TRUE,TRUE,20181030_145718_1051,20181030_145718_1051,,,,TRUE,visible clouds,
,,10/30/2018,TRUE,TRUE,20181030_145719_1051,20181030_145719_1051,,,,TRUE,visible clouds,
,,10/31/2018,TRUE,TRUE,20181031_145806_0f21,20181031_145806_0f21,,get,regular,TRUE,,